evtid,evla,evlo,evdp,station,stla,stlo,gcarc,s2ks,s3ks,s4ks,tridx,snr,ccf1,ccf2,ccf3,ccf4,ccf5,t32_cc,t32_pp,ccf_cc,ccf_pp,t32_fw1,ccf_fw1,ccf_sg1,t32_fw2,ccf_fw2,ccf_sg2,t32_fw3,ccf_fw3,ccf_sg3,t32_fw4,ccf_fw4,ccf_sg4,t32_fw5,ccf_fw5,ccf_sg5,auto_selected,group,az
20130524_1456,52.36,151.48,642.4,AI.SMAI.04,-68.13,-67.106,155.88,1716.307,1762.046,1777.217,0.0,5.5,0.592,0.594,0.582,0.572,0.588,-0.6,-0.2,0.789,0.762,-0.7,0.816,0.816,-0.8,0.8,0.816,-1.2,0.843,0.816,-1.1,0.84,0.816,-0.9,0.814,0.816,0,-1.0,145.379
20130524_1456,52.36,151.48,642.4,YT.SILY.,-77.133,-125.966,138.969,1621.362,1648.965,1657.582,1.0,2.456,0.556,0.561,0.492,0.514,0.547,-0.4,-0.2,0.765,0.83,-0.3,0.967,0.967,-0.7,0.942,0.967,-1.0,0.951,0.967,-1.0,0.95,0.967,-0.8,0.946,0.967,0,-1.0,160.309
20130524_1456,52.36,151.48,642.4,IU.TRIS.10,-37.068,-12.315,160.95,1742.983,1794.948,1812.479,2.0,1.691,0.066,0.06,0.057,0.061,0.059,-3.1,4.8,0.673,-0.5,10.3,0.382,0.382,-3.8,0.519,0.382,-3.9,0.473,0.382,-3.9,0.426,0.382,-3.8,0.504,0.382,0,-1.0,-42.587
20130524_1456,52.36,151.48,642.4,ER.ICE.,-77.552,167.283,130.285,1568.993,1589.016,1595.079,3.0,15.071,0.775,0.831,0.853,0.839,0.828,1.0,1.0,0.895,0.897,0.7,0.963,0.963,0.4,0.876,0.963,0.0,0.914,0.963,0.2,0.902,0.963,0.5,0.884,0.963,1,0.0,175.575
20130524_1456,52.36,151.48,642.4,ZD.FN08.,-11.223,-75.504,124.247,1531.152,1546.633,1551.261,4.0,2.234,0.249,0.262,0.265,0.264,0.264,2.3,1.7,0.317,0.27,1.6,0.284,0.284,1.5,0.383,0.284,1.3,0.404,0.284,1.4,0.411,0.284,1.4,0.41,0.284,0,-1.0,59.993
20130524_1456,52.36,151.48,642.4,ZD.FS02.,-14.385,-73.961,127.719,1553.049,1571.071,1576.492,5.0,1.876,0.283,0.209,0.207,0.206,0.204,-4.2,-4.0,0.618,0.639,-4.1,0.624,0.624,-4.0,0.696,0.624,-4.3,0.715,0.624,-4.2,0.719,0.624,-4.2,0.717,0.624,0,-1.0,60.551
20130524_1456,52.36,151.48,642.4,YT.FISH.,-78.928,162.565,131.455,1576.193,1597.161,1603.535,6.0,7.033,0.798,0.72,0.735,0.737,0.728,1.0,1.1,0.911,0.893,0.3,0.856,0.856,0.4,0.68,0.856,-0.3,0.73,0.856,0.0,0.719,0.856,0.2,0.692,0.856,0,-1.0,177.169
20130524_1456,52.36,151.48,642.4,YT.MECK.,-75.281,-72.185,151.417,1692.152,1732.706,1745.93,7.0,5.49,0.67,0.703,0.744,0.743,0.712,0.7,0.8,0.922,0.904,0.4,0.773,0.773,0.6,0.802,0.773,0.3,0.797,0.773,0.1,0.808,0.773,0.5,0.809,0.773,1,1.0,158.494
20130524_1456,52.36,151.48,642.4,ZD.FN13.,-12.042,-75.321,125.033,1536.143,1552.179,1556.979,8.0,0.715,0.414,0.391,0.392,0.389,0.391,7.1,0.3,0.634,0.59,-0.2,0.898,0.898,0.1,0.86,0.898,-0.1,0.866,0.898,0.0,0.868,0.898,0.0,0.868,0.898,0,-1.0,60.346
20130524_1456,52.36,151.48,642.4,YV.EURO.00,-22.344,40.34,120.315,1505.864,1518.735,1522.56,9.0,1.299,0.088,0.168,0.161,0.161,0.161,-1.1,-4.7,0.796,-0.511,2.9,0.858,0.858,2.9,0.669,0.858,2.8,0.674,0.858,2.8,0.674,0.858,2.8,0.674,0.858,0,-1.0,-87.681
20130524_1456,52.36,151.48,642.4,ZD.FS06.,-13.667,-73.312,127.461,1551.435,1569.26,1574.62,10.0,0.919,0.284,0.343,0.341,0.334,0.335,0.9,4.2,0.692,-0.861,0.0,0.704,0.704,0.3,0.746,0.704,0.1,0.745,0.704,0.1,0.74,0.704,0.2,0.742,0.704,0,-1.0,59.393
20130524_1456,52.36,151.48,642.4,CX.PB11.,-19.761,-69.656,134.474,1594.57,1618.084,1625.312,11.0,1.363,0.26,0.234,0.214,0.212,0.212,-2.5,-2.6,0.802,0.931,-3.3,0.801,0.801,-2.9,0.762,0.801,-3.1,0.767,0.801,-3.1,0.77,0.801,-3.1,0.772,0.801,0,-1.0,59.954
20130524_1456,52.36,151.48,642.4,6H.ORPN.,-24.477,31.39,127.356,1550.776,1568.521,1573.856,12.0,0.416,0.018,0.027,0.027,0.027,0.027,9.0,-4.4,0.544,-0.907,-3.1,0.372,0.372,-2.7,0.33,0.372,-2.7,0.343,0.372,-2.7,0.339,0.372,-2.7,0.338,0.372,0,-1.0,-81.958
20130524_1456,52.36,151.48,642.4,ZD.FM06.,-13.35,-74.463,126.586,1545.948,1563.117,1568.27,13.0,1.216,0.128,0.141,0.144,0.142,0.144,0.2,1.1,0.73,0.792,0.8,0.54,0.54,0.8,0.637,0.54,0.5,0.653,0.54,0.6,0.659,0.54,0.6,0.656,0.54,0,-1.0,60.354
20130524_1456,52.36,151.48,642.4,ZD.FM1A.,-14.12,-75.56,126.64,1546.288,1563.497,1568.663,14.0,1.053,0.275,0.301,0.315,0.31,0.303,1.9,1.9,0.832,0.935,1.6,0.871,0.871,1.9,0.863,0.871,1.7,0.85,0.871,1.7,0.851,0.871,1.8,0.851,0.871,0,-1.0,61.989
20130524_1456,52.36,151.48,642.4,YT.THUR.,-72.53,-97.561,145.177,1657.292,1691.071,1701.836,15.0,5.116,0.573,0.61,0.547,0.571,0.6,-0.5,-0.5,0.752,0.838,-0.4,0.697,0.697,-0.7,0.679,0.697,-1.3,0.645,0.697,-1.2,0.662,0.697,-0.9,0.677,0.697,0,-1.0,150.564
20130524_1456,52.36,151.48,642.4,6H.ZINA.,-21.421,33.863,123.555,1526.738,1541.74,1546.22,16.0,0.905,0.162,0.065,0.057,0.059,0.06,1.5,1.7,0.884,0.887,6.6,0.693,0.693,5.9,0.496,0.693,5.3,0.452,0.693,5.5,0.463,0.693,5.5,0.464,0.693,0,-1.0,-81.609
20130524_1456,52.36,151.48,642.4,ZD.FN12.,-11.803,-75.596,124.686,1533.941,1549.731,1554.455,17.0,2.503,0.536,0.482,0.481,0.488,0.485,-4.5,3.1,0.487,-0.713,-0.8,0.461,0.461,-4.0,0.415,0.461,-1.4,0.441,0.461,-1.2,0.441,0.461,-1.3,0.438,0.461,0,-1.0,60.464
20130524_1456,52.36,151.48,642.4,6H.SUSS.,-19.422,33.292,122.369,1519.136,1533.337,1537.568,18.0,0.689,-0.029,0.18,0.19,0.19,0.191,4.2,-4.2,0.365,-0.575,4.1,0.522,0.522,1.0,0.502,0.522,0.2,0.476,0.522,0.3,0.483,0.522,0.4,0.484,0.522,0,-1.0,-79.591
20130524_1456,52.36,151.48,642.4,6H.BANH.,-22.635,33.264,124.838,1534.903,1550.8,1555.557,19.0,1.106,0.056,0.046,0.123,0.121,0.12,-2.9,-2.8,0.838,0.832,2.5,0.474,0.474,2.3,0.502,0.474,2.1,0.515,0.474,2.1,0.508,0.474,2.2,0.501,0.474,0,-1.0,-82.055
20130524_1456,52.36,151.48,642.4,GT.LBTB.00,-25.015,25.597,131.241,1574.878,1595.671,1601.987,20.0,1.877,0.139,0.113,0.125,0.123,0.122,-4.8,2.3,0.482,-0.835,1.9,0.692,0.692,2.4,0.543,0.692,2.4,0.539,0.692,2.4,0.539,0.692,2.4,0.541,0.692,0,-1.0,-77.307
20130524_1456,52.36,151.48,642.4,YT.HOWD.,-77.529,-86.769,147.413,1669.927,1706.076,1717.686,21.0,9.11,0.662,0.676,0.666,0.674,0.674,0.4,0.5,0.947,0.953,0.2,0.78,0.78,0.5,0.881,0.78,0.2,0.858,0.78,0.2,0.862,0.78,0.4,0.876,0.78,1,1.0,160.053
20130524_1456,52.36,151.48,642.4,ZD.FN01.,-11.908,-76.664,124.203,1530.867,1546.317,1550.936,22.0,3.605,0.702,0.705,0.699,0.7,0.7,-0.4,0.1,0.919,0.883,-0.6,0.853,0.853,-0.1,0.895,0.853,-0.3,0.881,0.853,-0.3,0.874,0.853,-0.2,0.877,0.853,0,-1.0,61.595
20130524_1456,52.36,151.48,642.4,ZJ.LEON.,-73.713,163.328,126.332,1544.352,1561.333,1566.428,23.0,8.619,0.64,0.656,0.687,0.678,0.665,1.1,0.8,0.776,0.742,0.8,0.503,0.503,0.6,0.502,0.503,0.0,0.515,0.503,0.4,0.506,0.503,0.5,0.503,0.503,0,-1.0,175.89
20130524_1456,52.36,151.48,642.4,YT.WAIS.,-79.418,-111.778,142.332,1640.986,1671.855,1681.6,24.0,7.691,0.548,0.619,0.606,0.61,0.618,0.2,0.2,0.789,0.743,-0.6,0.78,0.78,0.3,0.803,0.78,-0.2,0.721,0.78,-0.1,0.718,0.78,0.2,0.77,0.78,0,-1.0,162.612
20130524_1456,52.36,151.48,642.4,ZJ.RKST.,-74.201,159.002,126.663,1546.433,1563.658,1568.83,25.0,4.311,0.501,0.593,0.527,0.556,0.583,-0.1,3.7,0.796,-0.85,-0.1,0.801,0.801,-0.2,0.762,0.801,-0.9,0.786,0.801,-0.5,0.78,0.801,-0.3,0.77,0.801,0,-1.0,177.446
20130524_1456,52.36,151.48,642.4,CX.PB10.,-23.513,-70.554,137.042,1609.952,1635.763,1643.77,26.0,0.601,0.169,0.217,0.226,0.235,0.228,-0.2,3.2,0.72,-0.704,-0.8,0.402,0.402,-7.9,0.362,0.402,-8.2,0.379,0.402,-8.1,0.4,0.402,-8.1,0.396,0.402,0,-1.0,64.041
20130524_1456,52.36,151.48,642.4,ZD.FN10.,-10.946,-75.228,124.161,1530.598,1546.019,1550.628,27.0,3.742,0.62,0.655,0.648,0.648,0.65,-0.3,0.0,0.711,0.697,-0.7,0.683,0.683,-0.3,0.797,0.683,-0.6,0.791,0.683,-0.5,0.789,0.683,-0.4,0.791,0.683,0,-1.0,59.538
20130524_1456,52.36,151.48,642.4,CX.PB08.,-20.141,-69.153,135.054,1598.064,1622.086,1629.487,28.0,1.678,0.183,0.088,0.106,0.11,0.105,-3.8,-3.7,0.919,0.909,-4.9,0.777,0.777,-4.4,0.761,0.777,-4.7,0.77,0.777,-4.7,0.785,0.777,-4.7,0.781,0.777,0,-1.0,59.703
20130524_1456,52.36,151.48,642.4,IU.SBA.00,-77.849,166.757,130.551,1570.634,1590.869,1597.002,29.0,5.694,0.725,0.766,0.755,0.768,0.77,0.8,4.5,0.86,-0.894,0.1,0.888,0.888,-0.1,0.81,0.888,-0.6,0.832,0.888,-0.3,0.829,0.888,-0.1,0.817,0.888,1,0.0,175.804
20130524_1456,52.36,151.48,642.4,YT.UPTW.,-77.578,-109.037,142.652,1642.837,1674.027,1683.883,30.0,4.181,0.576,0.516,0.512,0.519,0.518,-0.2,4.1,0.911,-0.591,-1.1,0.655,0.655,0.2,0.6,0.655,-0.5,0.525,0.655,-0.4,0.526,0.655,0.0,0.568,0.655,0,-1.0,159.501
20130524_1456,52.36,151.48,642.4,YT.DNTW.,-76.451,-107.777,142.797,1643.67,1675.005,1684.912,31.0,0.344,0.024,0.008,0.01,0.011,0.01,0.6,4.5,0.777,0.906,5.8,0.118,0.118,6.3,0.118,0.118,5.7,0.136,0.118,5.9,0.132,0.118,6.2,0.122,0.118,0,-1.0,157.594
20130524_1456,52.36,151.48,642.4,ZD.FM05.,-13.359,-74.857,126.384,1544.677,1561.695,1566.802,32.0,3.761,0.371,0.394,0.37,0.375,0.379,-1.9,-0.9,0.361,0.286,-1.4,0.752,0.752,-1.0,0.878,0.752,-1.1,0.867,0.752,-1.1,0.865,0.752,-1.1,0.867,0.752,0,-1.0,60.76
20130524_1456,52.36,151.48,642.4,XK.B08TS.,-20.164,22.459,129.339,1563.136,1582.41,1588.23,33.0,0.359,0.016,0.049,0.048,0.048,0.048,8.1,-4.3,0.756,-0.984,-1.2,0.351,0.351,-2.5,0.346,0.351,-2.3,0.371,0.351,-2.3,0.371,0.351,-2.4,0.357,0.351,0,-1.0,-70.336
20130524_1456,52.36,151.48,642.4,ZJ.CASY.,-73.296,159.632,125.781,1540.876,1557.451,1562.42,34.0,0.899,0.131,0.128,0.13,0.13,0.128,2.3,2.2,0.61,0.411,5.7,0.302,0.302,5.1,0.428,0.302,5.0,0.401,0.302,5.3,0.401,0.302,5.3,0.41,0.302,0,-1.0,177.112
20130524_1456,52.36,151.48,642.4,CX.PSGCX.,-19.597,-70.123,134.091,1592.254,1615.437,1622.552,35.0,0.952,0.344,0.372,0.369,0.37,0.374,8.4,0.8,0.543,0.391,-0.4,0.73,0.73,0.4,0.784,0.73,0.1,0.783,0.73,0.1,0.788,0.73,0.1,0.789,0.73,0,-1.0,60.334
20130524_1456,52.36,151.48,642.4,YT.SWEI.,-86.986,129.361,139.554,1624.802,1652.96,1661.767,36.0,3.327,0.683,0.637,0.613,0.625,0.637,0.3,1.0,0.886,0.878,0.1,0.819,0.819,-0.9,0.852,0.819,-1.2,0.834,0.819,-1.1,0.844,0.819,-1.0,0.853,0.819,0,-1.0,-178.248
20130524_1456,52.36,151.48,642.4,C.GO06.,-39.584,-71.472,148.111,1673.836,1710.735,1722.618,37.0,1.558,0.412,0.531,0.549,0.544,0.542,0.5,-2.8,0.761,-0.843,0.7,0.662,0.662,-0.1,0.723,0.662,-0.5,0.728,0.662,-0.4,0.727,0.662,-0.2,0.728,0.662,0,-1.0,83.483
20130524_1456,52.36,151.48,642.4,C.GO07.,-43.114,-73.664,148.83,1677.855,1715.536,1727.703,38.0,10.768,0.549,0.673,0.705,0.707,0.699,1.8,2.2,0.909,0.879,1.6,0.938,0.938,1.3,0.918,0.938,0.6,0.909,0.938,0.6,0.916,0.938,0.8,0.917,0.938,1,-1.0,90.832
20130524_1456,52.36,151.48,642.4,ZJ.RAPH.,-73.597,162.288,126.174,1543.355,1560.218,1565.277,39.0,13.779,0.715,0.723,0.655,0.688,0.717,-0.3,-0.1,0.915,0.916,-0.2,0.734,0.734,-0.5,0.705,0.734,-1.0,0.691,0.734,-0.7,0.696,0.734,-0.5,0.704,0.734,0,-1.0,176.228
20130524_1456,52.36,151.48,642.4,CX.MNMCX.,-19.131,-69.596,133.984,1591.609,1614.7,1621.785,40.0,0.889,0.146,0.216,0.189,0.188,0.184,-2.3,-1.7,0.739,0.643,-2.7,0.883,0.883,-2.1,0.848,0.883,-2.3,0.851,0.883,-2.3,0.856,0.883,-2.3,0.856,0.883,0,-1.0,59.399
20130524_1456,52.36,151.48,642.4,XK.B14MH.,-18.295,21.792,128.233,1556.257,1574.673,1580.219,41.0,3.318,0.296,0.271,0.281,0.28,0.278,-6.3,-5.4,0.652,0.696,0.8,0.669,0.669,1.3,0.68,0.669,1.0,0.692,0.669,1.0,0.692,0.669,1.1,0.69,0.669,0,-1.0,-68.246
20130524_1456,52.36,151.48,642.4,YT.N140.,-82.01,96.756,137.32,1611.606,1637.673,1645.766,42.0,6.915,0.306,0.249,0.274,0.271,0.259,0.9,-2.1,0.5,0.03,-7.6,0.702,0.702,-8.3,0.57,0.702,-8.6,0.541,0.702,-8.5,0.554,0.702,-8.4,0.568,0.702,0,-1.0,-170.345
20130524_1456,52.36,151.48,642.4,GT.LPAZ.00,-16.288,-68.131,132.352,1581.687,1603.395,1610.015,43.0,0.928,0.176,0.218,0.212,0.209,0.207,-8.1,-4.2,0.595,-0.578,-9.4,0.684,0.684,-8.4,0.809,0.684,-8.7,0.796,0.684,-8.7,0.794,0.684,-8.7,0.795,0.684,0,-1.0,55.689
20130524_1456,52.36,151.48,642.4,G.PEL.00,-33.144,-70.675,144.293,1652.258,1685.119,1695.56,44.0,1.393,0.322,0.283,0.244,0.249,0.254,-1.6,-4.9,0.609,-0.675,4.7,0.593,0.593,4.5,0.582,0.593,3.9,0.582,0.593,4.0,0.584,0.593,4.1,0.584,0.593,0,-1.0,74.058
20130524_1456,52.36,151.48,642.4,AU.MAW.,-67.604,62.871,136.593,1607.276,1632.675,1640.543,45.0,3.083,-0.141,0.051,0.015,0.01,0.011,-5.6,-2.2,0.788,-0.337,-3.3,0.472,0.472,5.0,0.314,0.472,-5.1,0.3,0.472,4.8,0.31,0.472,4.8,0.312,0.472,0,-1.0,-146.266
20130524_1456,52.36,151.48,642.4,CX.PB09.,-21.796,-69.242,136.367,1605.93,1631.125,1638.924,46.0,1.475,0.344,0.337,0.323,0.321,0.324,-0.3,0.2,0.933,0.912,-0.6,0.896,0.896,-0.7,0.902,0.896,-1.0,0.911,0.896,-1.0,0.919,0.896,-1.0,0.916,0.896,0,-1.0,61.145
20130524_1456,52.36,151.48,642.4,C.GO01.,-19.669,-69.194,134.642,1595.579,1619.239,1626.517,47.0,1.393,0.481,0.48,0.464,0.459,0.461,-0.7,-0.3,0.884,0.84,-1.4,0.914,0.914,-0.7,0.923,0.914,-1.0,0.92,0.914,-1.1,0.921,0.914,-1.0,0.922,0.914,0,-1.0,59.377
20130524_1456,52.36,151.48,642.4,XK.B1665.,-22.825,27.229,128.607,1558.589,1577.293,1582.931,48.0,2.369,0.071,0.095,0.093,0.094,0.094,1.2,4.6,0.551,0.95,-7.4,0.226,0.226,-13.5,0.32,0.226,-13.4,0.343,0.226,-13.4,0.342,0.226,-13.4,0.341,0.226,0,-1.0,-76.928
20130524_1456,52.36,151.48,642.4,ZJ.KNYN.,-76.237,153.327,128.603,1558.564,1577.265,1582.901,49.0,0.733,0.271,0.225,0.251,0.236,0.229,1.7,-1.1,0.741,-0.661,1.6,0.471,0.471,1.7,0.434,0.471,1.2,0.43,0.471,1.6,0.44,0.471,1.7,0.438,0.471,0,-1.0,179.436
20130524_1456,52.36,151.48,642.4,ZJ.DONT.,-73.877,165.12,126.577,1545.893,1563.055,1568.206,50.0,2.775,0.496,0.482,0.461,0.471,0.479,0.7,-3.9,0.642,-0.69,-7.9,0.543,0.543,-8.1,0.488,0.543,-8.7,0.52,0.543,-8.3,0.507,0.543,-8.2,0.494,0.543,0,-1.0,175.309
20130524_1456,52.36,151.48,642.4,CX.PB16.,-18.335,-69.508,133.368,1587.873,1610.437,1617.343,51.0,2.389,0.41,0.393,0.402,0.405,0.401,-0.5,-0.3,0.57,0.567,-1.1,0.551,0.551,-9.1,0.464,0.551,-9.4,0.45,0.551,-9.4,0.452,0.551,-9.4,0.45,0.551,0,-1.0,58.697
20130524_1456,52.36,151.48,642.4,CX.PB06.,-22.706,-69.572,136.929,1609.276,1634.983,1642.955,52.0,3.315,0.167,0.207,0.231,0.231,0.226,3.3,3.5,0.646,0.71,3.0,0.752,0.752,3.0,0.746,0.752,2.6,0.755,0.752,2.5,0.764,0.752,2.6,0.759,0.752,0,-1.0,62.275
20130524_1456,52.36,151.48,642.4,ZD.FS12.,-12.83,-71.364,127.766,1553.341,1571.399,1576.831,53.0,5.813,0.704,0.688,0.687,0.684,0.678,0.7,0.8,0.821,0.904,0.3,0.828,0.828,0.9,0.776,0.828,0.7,0.762,0.828,0.7,0.758,0.828,0.7,0.757,0.828,0,-1.0,56.807
20130524_1456,52.36,151.48,642.4,C.GO05.,-35.01,-71.93,144.853,1655.447,1688.887,1699.533,54.0,3.268,0.466,0.548,0.582,0.576,0.573,0.9,0.8,0.832,0.793,0.6,0.838,0.838,0.2,0.839,0.838,-0.4,0.809,0.838,-0.3,0.82,0.838,-0.1,0.831,0.838,0,-1.0,77.619
20130524_1456,52.36,151.48,642.4,YT.BENN.,-84.573,-117.392,142.134,1639.844,1670.515,1680.192,55.0,3.148,0.623,0.695,0.691,0.697,0.699,0.0,0.2,0.906,0.888,-0.6,0.817,0.817,0.2,0.955,0.817,-0.2,0.951,0.817,-0.1,0.949,0.817,0.1,0.956,0.817,0,-1.0,171.127
20130524_1456,52.36,151.48,642.4,AW.VNA2.,-70.925,-7.393,159.155,1733.635,1783.354,1800.029,56.0,1.947,0.358,0.383,0.431,0.429,0.412,0.7,0.7,0.718,0.748,0.7,0.557,0.557,1.2,0.554,0.557,0.6,0.55,0.557,0.5,0.567,0.557,0.7,0.565,0.557,0,-1.0,-160.724
20130524_1456,52.36,151.48,642.4,ZJ.APRL.,-73.195,158.703,125.654,1540.07,1556.553,1561.493,57.0,8.241,0.722,0.641,0.608,0.66,0.67,-0.7,-0.7,0.893,0.889,-0.8,0.801,0.801,-1.0,0.761,0.801,-1.4,0.762,0.801,-1.0,0.765,0.801,-0.9,0.766,0.801,0,-1.0,177.429
20130524_1456,52.36,151.48,642.4,YT.HOWE.,-87.416,-149.427,140.979,1633.136,1662.669,1671.95,58.0,6.027,0.642,0.642,0.686,0.675,0.661,0.6,0.8,0.962,0.949,0.2,0.941,0.941,1.0,0.931,0.941,0.3,0.856,0.941,0.4,0.86,0.941,0.8,0.903,0.941,1,1.0,176.472
20130524_1456,52.36,151.48,642.4,XK.B13NX.,-18.579,21.994,128.345,1556.958,1575.46,1581.033,59.0,1.916,0.303,0.316,0.323,0.321,0.321,-6.2,-5.3,0.752,0.643,1.0,0.706,0.706,1.6,0.755,0.706,1.4,0.761,0.706,1.4,0.761,0.706,1.5,0.761,0.706,0,-1.0,-68.657
20130524_1456,52.36,151.48,642.4,YT.AGO1.,-83.862,129.615,136.612,1607.39,1632.807,1640.681,60.0,1.436,0.475,0.561,0.528,0.542,0.548,0.9,0.2,0.903,0.756,0.2,0.835,0.835,0.0,0.92,0.835,-0.1,0.915,0.835,-0.1,0.922,0.835,-0.1,0.926,0.835,0,-1.0,-176.67
20130524_1456,52.36,151.48,642.4,ZD.FM01.,-13.073,-76.334,125.352,1538.161,1554.426,1559.298,61.0,0.996,0.248,0.222,0.213,0.219,0.217,-0.6,-0.5,0.796,0.814,-1.0,0.765,0.765,-0.6,0.86,0.765,-0.9,0.836,0.765,-0.7,0.838,0.765,-0.8,0.84,0.765,0,-1.0,62.047
20130524_1456,52.36,151.48,642.4,ZD.FM07.,-13.17,-74.228,126.56,1545.783,1562.932,1568.079,62.0,1.141,0.36,0.354,0.361,0.35,0.353,1.0,0.9,0.635,0.659,0.5,0.908,0.908,0.9,0.803,0.908,0.6,0.794,0.908,0.8,0.798,0.908,0.7,0.799,0.908,0,-1.0,59.994
20130524_1456,52.36,151.48,642.4,YT.SIPL.,-81.641,-148.955,137.602,1613.276,1639.602,1647.784,63.0,4.713,0.677,0.723,0.723,0.73,0.727,0.9,0.9,0.975,0.93,0.6,0.818,0.818,0.2,0.882,0.818,-0.1,0.901,0.818,0.0,0.899,0.818,0.1,0.89,0.818,1,1.0,169.267
20130524_1456,52.36,151.48,642.4,AF.GRM.,-33.313,26.508,136.671,1607.74,1633.211,1641.103,64.0,0.872,0.065,0.103,0.101,0.103,0.103,3.6,3.0,0.826,0.825,4.5,0.675,0.675,3.2,0.719,0.675,3.2,0.717,0.675,3.2,0.718,0.675,3.2,0.717,0.675,0,-1.0,-86.104
20130524_1456,52.36,151.48,642.4,G.CCD.10,-75.106,123.305,128.821,1559.924,1578.794,1584.485,65.0,8.944,0.67,0.567,0.567,0.581,0.569,0.1,0.1,0.943,0.945,0.0,0.839,0.839,-0.2,0.845,0.839,-0.7,0.841,0.839,-0.3,0.847,0.839,-0.3,0.846,0.839,0,-1.0,-171.015
20130524_1456,52.36,151.48,642.4,YT.BYRD.,-80.017,-119.474,141.088,1633.771,1663.411,1672.728,66.0,6.629,0.747,0.715,0.716,0.725,0.721,0.3,0.5,0.943,0.894,-0.2,0.824,0.824,0.6,0.804,0.824,-0.3,0.75,0.824,-0.2,0.725,0.824,0.3,0.765,0.824,1,1.0,163.957
20130524_1456,52.36,151.48,642.4,XV.MSGR.,-23.83,32.18,126.393,1544.732,1561.757,1566.866,67.0,1.301,-0.037,-0.045,-0.039,-0.043,-0.042,-4.4,-3.9,0.411,0.178,2.0,0.233,0.233,1.8,0.371,0.233,1.7,0.333,0.233,1.7,0.346,0.233,1.7,0.351,0.233,0,-1.0,-82.098
20130524_1456,52.36,151.48,642.4,CX.PB03.,-22.048,-69.753,136.297,1605.514,1630.646,1638.423,68.0,1.25,0.126,0.195,0.232,0.223,0.224,-4.0,-4.0,0.843,0.875,-4.6,0.742,0.742,-4.5,0.735,0.742,-4.9,0.726,0.742,-4.9,0.736,0.742,-4.9,0.735,0.742,0,-1.0,61.915
20130524_1456,52.36,151.48,642.4,ZD.FS05.,-13.879,-72.878,127.867,1553.976,1572.112,1577.569,69.0,0.937,0.445,0.42,0.44,0.429,0.433,1.1,1.1,0.899,0.902,0.7,0.969,0.969,1.1,0.958,0.969,0.8,0.959,0.969,0.9,0.958,0.969,0.8,0.958,0.969,0,-1.0,59.089
20130524_1456,52.36,151.48,642.4,ZJ.SPLN.,-73.466,161.471,126.013,1542.337,1559.082,1564.104,70.0,8.262,0.725,0.685,0.659,0.68,0.684,-0.1,0.3,0.832,0.81,0.0,0.531,0.531,-0.3,0.55,0.531,-0.8,0.503,0.531,-0.4,0.513,0.531,-0.3,0.538,0.531,0,-1.0,176.491
20130524_1456,52.36,151.48,642.4,XK.B04KH.,-20.474,24.514,128.391,1557.243,1575.78,1581.365,71.0,1.404,0.138,0.184,0.179,0.178,0.181,-2.2,-2.1,0.789,0.798,4.9,0.787,0.787,5.3,0.753,0.787,5.2,0.777,0.787,5.2,0.774,0.787,5.2,0.771,0.787,0,-1.0,-72.53
20130524_1456,52.36,151.48,642.4,ZJ.BEBP.,-73.033,156.869,125.448,1538.77,1555.104,1559.997,72.0,11.083,0.543,0.519,0.467,0.526,0.517,-0.2,-0.7,0.932,0.811,-0.8,0.813,0.813,-0.8,0.775,0.813,-1.2,0.768,0.813,-0.8,0.777,0.813,-0.8,0.777,0.813,0,-1.0,178.067
20130524_1456,52.36,151.48,642.4,CX.PB05.,-22.853,-70.202,136.705,1607.942,1633.444,1641.347,73.0,0.851,0.22,0.106,0.069,0.071,0.075,0.0,3.7,0.722,-0.917,-1.3,0.451,0.451,-1.5,0.429,0.451,-1.7,0.432,0.451,-1.6,0.46,0.451,-1.7,0.453,0.451,0,-1.0,63.088
20130524_1456,52.36,151.48,642.4,XK.B07DX.,-20.549,22.749,129.474,1563.976,1583.356,1589.211,74.0,1.477,0.199,0.344,0.335,0.336,0.334,-6.7,4.3,0.441,0.376,12.2,0.518,0.518,-0.1,0.691,0.518,0.0,0.657,0.518,0.0,0.656,0.518,0.0,0.657,0.518,0,-1.0,-70.92
20130524_1456,52.36,151.48,642.4,AF.SWZ.,-27.182,25.332,133.015,1585.726,1607.99,1614.796,75.0,1.299,0.028,0.046,0.033,0.034,0.037,-3.9,-4.3,0.429,0.712,3.1,0.518,0.518,2.8,0.608,0.518,2.9,0.616,0.518,2.9,0.614,0.518,2.9,0.614,0.518,0,-1.0,-79.01
20130524_1456,52.36,151.48,642.4,C.GO04.,-30.173,-70.799,142.057,1639.395,1669.989,1679.639,76.0,1.3,0.135,0.117,0.107,0.107,0.108,3.2,-5.0,0.404,0.293,-5.5,0.563,0.563,-5.0,0.592,0.563,-5.5,0.563,0.563,-5.4,0.574,0.563,-5.4,0.577,0.563,0,-1.0,70.795
20130524_1456,52.36,151.48,642.4,AI.ESPZ.04,-63.398,-56.996,161.516,1745.91,1798.594,1816.399,77.0,4.669,0.461,0.445,0.464,0.462,0.447,-3.7,-3.8,0.858,0.824,-3.4,0.603,0.603,-3.8,0.674,0.603,-4.0,0.7,0.603,-4.0,0.702,0.603,-3.7,0.683,0.603,0,-1.0,137.756
20130524_1456,52.36,151.48,642.4,ZD.FS09.,-12.974,-71.425,127.856,1553.908,1572.036,1577.49,78.0,0.337,-0.026,0.063,0.058,0.057,0.057,9.8,-3.2,0.42,-0.96,-8.6,0.599,0.599,-8.3,0.519,0.599,-8.5,0.525,0.599,-8.6,0.528,0.599,-8.5,0.527,0.599,0,-1.0,56.967
20130524_1456,52.36,151.48,642.4,ZD.FS04.,-14.205,-73.345,127.896,1554.153,1572.31,1577.774,79.0,3.197,0.348,0.357,0.364,0.36,0.357,-5.4,-1.9,0.755,-0.831,-5.9,0.749,0.749,-5.6,0.774,0.749,-5.8,0.767,0.749,-5.8,0.768,0.749,-5.8,0.768,0.749,0,-1.0,59.794
20130524_1456,52.36,151.48,642.4,6H.BERG.,-25.427,31.447,128.027,1554.975,1573.234,1578.73,80.0,1.319,0.032,0.078,0.067,0.068,0.07,-0.6,3.8,0.594,-0.758,5.6,0.661,0.661,5.9,0.625,0.661,5.9,0.65,0.661,5.9,0.641,0.661,5.9,0.64,0.661,0,-1.0,-82.807
20130524_1456,52.36,151.48,642.4,XK.B02LT.,-21.393,25.581,128.481,1557.805,1576.411,1582.018,81.0,2.315,0.33,0.323,0.323,0.321,0.324,-8.3,0.4,0.613,0.347,-1.0,0.7,0.7,-2.9,0.54,0.7,-0.8,0.699,0.7,-0.8,0.693,0.7,-0.7,0.69,0.7,0,-1.0,-74.257
20130524_1456,52.36,151.48,642.4,ZJ.SHRD.,-73.399,160.499,125.911,1541.698,1558.369,1563.367,82.0,6.195,0.682,0.645,0.642,0.652,0.652,-0.1,-0.1,0.876,0.904,0.1,0.625,0.625,-0.1,0.64,0.625,-0.6,0.594,0.625,-0.2,0.61,0.625,-0.1,0.631,0.625,0,-1.0,176.821
20130524_1456,52.36,151.48,642.4,IU.LCO.,-29.011,-70.7,141.242,1634.669,1664.46,1673.83,83.0,2.435,0.399,0.453,0.449,0.445,0.449,-7.0,3.6,0.445,0.297,-7.7,0.552,0.552,-7.2,0.557,0.552,-7.8,0.588,0.552,-7.8,0.577,0.552,-7.7,0.574,0.552,0,-1.0,69.455
20130524_1456,52.36,151.48,642.4,YT.LONW.,-81.347,152.735,133.708,1589.937,1612.791,1619.796,84.0,4.356,0.342,0.345,0.281,0.341,0.358,0.4,-1.0,0.862,0.291,-1.6,0.92,0.92,-1.5,0.723,0.92,-2.3,0.862,0.92,-1.9,0.837,0.92,-1.7,0.775,0.92,0,-1.0,179.738
20130524_1456,52.36,151.48,642.4,ZJ.FOOT.,-73.093,157.853,125.531,1539.293,1555.687,1560.599,85.0,3.409,0.56,0.567,0.551,0.553,0.564,0.4,-0.1,0.871,0.697,-0.2,0.778,0.778,-0.3,0.709,0.778,-0.7,0.742,0.778,-0.4,0.734,0.778,-0.3,0.719,0.778,0,-1.0,177.72
20130524_1456,52.36,151.48,642.4,CX.PB07.,-21.727,-69.886,135.964,1603.52,1628.35,1636.026,86.0,0.485,0.138,0.092,0.075,0.083,0.079,-3.1,-3.4,0.749,0.735,-3.5,0.824,0.824,-3.4,0.818,0.824,-3.9,0.823,0.824,-3.8,0.814,0.824,-3.9,0.815,0.824,0,-1.0,61.792
20130524_1456,52.36,151.48,642.4,YT.DEVL.,-81.476,161.973,133.956,1591.436,1614.503,1621.579,87.0,8.436,0.799,0.753,0.777,0.775,0.764,0.8,0.7,0.951,0.953,0.0,0.872,0.872,0.4,0.74,0.872,-0.3,0.819,0.872,-0.1,0.802,0.872,0.2,0.758,0.872,0,-1.0,177.846
20130524_1456,52.36,151.48,642.4,ZD.FM04.,-13.604,-75.354,126.322,1544.284,1561.256,1566.349,88.0,1.132,0.172,0.124,0.14,0.136,0.132,-5.4,-2.0,0.74,-0.861,-6.0,0.763,0.763,-5.7,0.723,0.763,-5.9,0.725,0.763,-5.8,0.722,0.763,-5.8,0.723,0.763,0,-1.0,61.427
20130524_1456,52.36,151.48,642.4,GT.CPUP.00,-26.331,-57.331,146.183,1662.993,1697.831,1708.971,89.0,2.594,0.354,0.382,0.429,0.433,0.417,1.6,1.7,0.745,0.75,1.3,0.901,0.901,1.3,0.888,0.901,1.0,0.891,0.901,0.9,0.895,0.901,0.9,0.894,0.901,0,-1.0,50.621
20130524_1456,52.36,151.48,642.4,ZJ.MICH.,-73.817,164.1,126.47,1545.215,1562.296,1567.423,90.0,7.155,0.379,0.324,0.383,0.352,0.331,3.0,3.2,0.617,0.764,3.1,0.706,0.706,2.9,0.726,0.706,2.2,0.72,0.706,2.6,0.715,0.706,2.8,0.722,0.706,0,-1.0,175.645
20130524_1456,52.36,151.48,642.4,AI.ORCD.04,-60.738,-44.736,167.81,1777.782,1838.687,1859.725,91.0,6.685,0.345,0.406,0.373,0.38,0.4,-2.3,-2.5,0.431,0.464,-9.0,0.493,0.493,-2.5,0.455,0.493,-2.8,0.539,0.493,-2.8,0.561,0.493,-2.6,0.492,0.493,0,-1.0,139.995
20130524_1456,52.36,151.48,642.4,AW.VNA1.,-70.69,-8.276,159.519,1735.536,1785.706,1802.553,92.0,0.703,0.02,0.037,0.034,0.033,0.034,-8.6,3.1,0.586,-0.952,8.3,0.453,0.453,8.7,0.452,0.453,8.2,0.442,0.453,8.1,0.433,0.453,8.3,0.437,0.453,0,-1.0,-160.971
20130524_1456,52.36,151.48,642.4,AF.CVNA.,-31.482,19.762,139.474,1624.333,1652.415,1661.196,93.0,1.283,-0.014,0.069,0.065,0.066,0.067,-3.8,-4.0,0.522,0.778,-0.4,0.53,0.53,8.8,0.69,0.53,8.8,0.681,0.53,8.8,0.683,0.53,8.8,0.686,0.53,0,-1.0,-78.169
20130524_1456,52.36,151.48,642.4,CX.PB01.,-21.043,-69.487,135.62,1601.458,1625.98,1633.551,94.0,1.069,0.347,0.344,0.329,0.336,0.33,-0.8,-0.3,0.849,0.836,-1.3,0.859,0.859,-1.2,0.848,0.859,-1.5,0.868,0.859,-1.5,0.873,0.859,-1.5,0.874,0.859,0,-1.0,60.794
20130524_1456,52.36,151.48,642.4,GT.PLCA.00,-40.733,-70.551,149.367,1680.839,1719.109,1731.491,95.0,3.051,0.434,0.49,0.495,0.501,0.499,0.1,4.1,0.422,0.294,1.7,0.524,0.524,2.1,0.563,0.524,1.4,0.56,0.524,1.6,0.557,0.524,1.8,0.562,0.524,0,-1.0,84.42
20130524_1456,52.36,151.48,642.4,YT.BEAR.,-74.548,-111.851,141.457,1635.914,1665.915,1675.358,96.0,7.997,0.79,0.803,0.738,0.758,0.799,-0.4,-0.3,0.917,0.906,-0.8,0.897,0.897,-0.3,0.878,0.897,-1.2,0.875,0.897,-1.1,0.854,0.897,-0.5,0.859,0.897,1,1.0,154.829
20130524_1456,52.36,151.48,642.4,C.GO02.,-25.163,-69.59,138.886,1620.874,1648.4,1656.99,97.0,2.362,0.236,0.146,0.21,0.199,0.194,2.0,-2.0,0.63,-0.767,1.8,0.678,0.678,2.0,0.665,0.678,1.4,0.7,0.678,1.5,0.695,0.678,1.6,0.693,0.678,0,-1.0,64.479
20130524_1456,52.36,151.48,642.4,YT.UNGL.,-79.775,-82.524,147.459,1670.182,1706.379,1718.007,98.0,4.039,0.729,0.74,0.717,0.723,0.736,0.0,0.1,0.981,0.978,-0.5,0.897,0.897,-0.3,0.927,0.897,-0.7,0.909,0.897,-0.7,0.914,0.897,-0.4,0.922,0.897,1,1.0,164.507
20130524_1456,52.36,151.48,642.4,ZJ.DUBY.,-74.985,158.077,127.421,1551.185,1568.98,1574.33,99.0,1.123,0.287,0.235,0.222,0.229,0.231,-0.1,-3.1,0.732,-0.277,-0.3,0.573,0.573,0.1,0.61,0.573,-0.5,0.538,0.573,-0.2,0.565,0.573,0.1,0.597,0.573,0,-1.0,177.846
20130524_1456,52.36,151.48,642.4,ZD.FM03.,-13.723,-75.89,126.132,1543.091,1559.923,1564.972,100.0,1.409,0.185,0.199,0.185,0.197,0.193,5.5,1.6,0.618,-0.624,-2.5,0.607,0.607,-2.3,0.621,0.607,-2.5,0.624,0.607,-2.3,0.618,0.607,-2.4,0.619,0.607,0,-1.0,62.046
20130524_1456,52.36,151.48,642.4,G.SPB.00,-23.593,-47.427,147.821,1672.213,1708.799,1720.568,101.0,2.392,0.491,0.414,0.423,0.422,0.424,0.2,0.6,0.853,0.827,-0.4,0.909,0.909,-0.3,0.86,0.909,-0.6,0.867,0.909,-0.9,0.883,0.909,-0.7,0.878,0.909,0,-1.0,33.653
20130524_1456,52.36,151.48,642.4,ZD.FS6A.,-13.493,-72.933,127.514,1551.766,1569.631,1575.004,102.0,3.843,0.454,0.397,0.415,0.413,0.409,-5.0,4.8,0.53,-0.799,0.8,0.739,0.739,1.3,0.637,0.739,1.1,0.621,0.739,1.1,0.621,0.739,1.2,0.62,0.739,0,-1.0,58.884
20130524_1456,52.36,151.48,642.4,CX.PB14.,-24.626,-70.404,138.011,1615.704,1642.41,1650.72,103.0,0.826,0.124,0.07,0.084,0.082,0.082,1.4,1.3,0.729,0.739,1.2,0.811,0.811,1.3,0.873,0.811,0.7,0.911,0.811,0.8,0.896,0.811,0.8,0.898,0.811,0,-1.0,64.872
20130524_1456,52.36,151.48,642.4,C.GO08.,-48.465,-72.557,152.111,1695.953,1737.297,1750.814,104.0,4.682,0.439,0.498,0.474,0.486,0.499,0.3,0.5,0.878,0.877,0.1,0.797,0.797,0.3,0.768,0.797,-0.3,0.758,0.797,-0.2,0.752,0.797,0.1,0.762,0.797,0,-1.0,99.612
20130524_1456,52.36,151.48,642.4,G.CRZF.00,-46.43,51.861,130.096,1567.824,1587.695,1593.709,105.0,1.083,0.163,0.091,0.087,0.084,0.088,0.8,0.4,0.831,0.765,7.7,0.349,0.349,-8.3,0.584,0.349,-8.3,0.582,0.349,-8.3,0.582,0.349,-8.3,0.584,0.349,0,-1.0,-117.174
20130524_1456,52.36,151.48,642.4,XK.B10PP.,-18.913,22.543,128.298,1556.665,1575.131,1580.693,106.0,1.779,0.205,0.395,0.226,0.224,0.226,-5.7,-5.0,0.711,0.783,1.6,0.551,0.551,0.5,0.411,0.551,1.8,0.571,0.551,1.9,0.57,0.551,1.9,0.569,0.551,0,-1.0,-69.442
20130524_1456,52.36,151.48,642.4,XK.B15MW.,-19.631,23.827,128.127,1555.599,1573.933,1579.454,107.0,1.588,0.125,0.128,0.127,0.125,0.127,-5.4,5.2,0.467,0.031,12.1,0.403,0.403,12.8,0.403,0.403,12.5,0.417,0.403,12.5,0.415,0.403,12.6,0.414,0.403,0,-1.0,-71.222
20130524_1456,52.36,151.48,642.4,YT.SURP.,-84.72,-171.202,138.057,1615.975,1642.723,1651.048,108.0,2.509,0.391,0.375,0.369,0.37,0.375,-0.4,-0.1,0.704,0.684,0.0,0.578,0.578,-1.0,0.617,0.578,-1.2,0.702,0.578,-1.2,0.667,0.578,-1.1,0.639,0.578,0,-1.0,175.203
20130524_1456,52.36,151.48,642.4,AI.JUBA.04,-62.237,-58.663,161.211,1744.332,1796.628,1814.285,109.0,0.997,0.215,0.138,0.13,0.132,0.137,-0.1,3.1,0.974,-0.944,-0.2,0.473,0.473,-0.2,0.499,0.473,-0.5,0.49,0.473,-0.5,0.492,0.473,-0.2,0.495,0.473,0,-1.0,133.499
20130524_1456,52.36,151.48,642.4,G.COYC.10,-45.573,-72.081,151.078,1690.291,1730.463,1743.546,110.0,3.294,0.404,0.512,0.525,0.523,0.519,1.1,1.5,0.704,0.725,-0.1,0.724,0.724,-0.1,0.739,0.724,-0.6,0.693,0.724,-0.6,0.704,0.724,-0.3,0.72,0.724,0,-1.0,93.859
20130524_1456,52.36,151.48,642.4,XK.B05MO.,-20.218,24.132,128.413,1557.379,1575.933,1581.523,111.0,2.075,0.158,0.206,0.185,0.184,0.186,-2.1,-1.1,0.541,0.394,5.8,0.424,0.424,-14.6,0.436,0.424,6.1,0.445,0.424,6.2,0.445,0.424,6.2,0.446,0.424,0,-1.0,-71.969
20130524_1456,52.36,151.48,642.4,ZD.FS11.,-13.056,-71.544,127.865,1553.964,1572.098,1577.555,112.0,5.666,0.658,0.666,0.677,0.676,0.675,0.5,0.5,0.858,0.87,-0.1,0.877,0.877,0.4,0.93,0.877,0.1,0.927,0.877,0.2,0.924,0.877,0.1,0.926,0.877,1,-1.0,57.146
20130524_1456,52.36,151.48,642.4,ZD.FM02.,-13.499,-76.06,125.855,1541.34,1557.969,1562.954,113.0,3.124,0.447,0.47,0.466,0.469,0.469,-1.2,0.1,0.692,0.451,-0.7,0.624,0.624,-0.5,0.673,0.624,-0.7,0.685,0.624,-0.6,0.685,0.624,-0.6,0.683,0.624,0,-1.0,62.063
20130524_1456,52.36,151.48,642.4,AW.VNA3.,-71.242,-9.666,159.333,1734.568,1784.507,1801.267,114.0,3.109,0.526,0.513,0.51,0.521,0.523,-0.2,-0.1,0.882,0.84,-0.1,0.938,0.938,0.4,0.926,0.938,0.0,0.929,0.938,-0.1,0.932,0.938,0.1,0.929,0.938,0,-1.0,-162.928
20130524_1456,52.36,151.48,642.4,PS.SYO.,-69.007,39.585,145.174,1657.275,1691.051,1701.815,115.0,1.664,0.181,0.273,0.289,0.289,0.282,0.5,1.0,0.721,0.587,1.6,0.604,0.604,0.8,0.841,0.604,0.6,0.815,0.604,0.6,0.814,0.604,0.7,0.817,0.604,0,-1.0,-144.356
20130524_1456,52.36,151.48,642.4,AF.BLWY.,-20.143,28.611,125.722,1540.502,1557.035,1561.991,116.0,1.896,0.308,0.284,0.286,0.285,0.284,7.8,3.7,0.575,-0.445,-2.5,0.604,0.604,-2.4,0.599,0.604,-2.6,0.59,0.604,-2.5,0.593,0.604,-2.5,0.594,0.604,0,-1.0,-76.027
20130524_1456,52.36,151.48,642.4,ZD.FS1A.,-14.645,-75.061,127.346,1550.715,1568.453,1573.785,117.0,3.649,0.3,0.361,0.35,0.341,0.343,3.8,0.6,0.766,-0.891,-4.0,0.778,0.778,-3.7,0.771,0.778,-4.0,0.776,0.778,-3.9,0.772,0.778,-3.9,0.771,0.778,0,-1.0,61.85
20130524_1456,52.36,151.48,642.4,ZD.FN06.,-11.368,-75.679,124.277,1531.337,1546.839,1551.473,118.0,1.015,0.009,-0.013,-0.006,-0.004,-0.004,4.9,-3.3,0.718,-0.744,4.9,0.562,0.562,5.0,0.646,0.562,4.9,0.658,0.562,4.9,0.667,0.562,5.0,0.663,0.562,0,-1.0,60.262
20130524_1456,52.36,151.48,642.4,AF.UPI.,-28.362,21.253,136.321,1605.657,1630.81,1638.595,119.0,1.196,0.016,0.026,0.026,0.029,0.027,-4.9,-4.6,0.542,0.63,-9.4,0.341,0.341,-5.7,0.507,0.341,-5.8,0.492,0.341,-5.8,0.496,0.341,-5.7,0.5,0.341,0,-1.0,-76.372
20130524_1456,52.36,151.48,642.4,GE.SNAA.,-71.671,-2.838,157.633,1725.625,1773.476,1789.442,120.0,2.655,0.586,0.604,0.6,0.606,0.609,0.3,0.5,0.878,0.862,0.4,0.922,0.922,0.7,0.932,0.922,0.4,0.923,0.922,0.3,0.917,0.922,0.4,0.923,0.922,0,-1.0,-159.059
20130524_1456,52.36,151.48,642.4,ZD.FN05.,-11.474,-75.96,124.216,1530.953,1546.412,1551.034,121.0,2.007,0.369,0.37,0.397,0.388,0.383,1.7,1.9,0.798,0.813,1.3,0.926,0.926,1.7,0.841,0.926,1.4,0.851,0.926,1.5,0.851,0.926,1.5,0.851,0.926,0,-1.0,60.611
20130524_1456,52.36,151.48,642.4,YT.MILR.,-83.306,156.252,135.687,1601.859,1626.441,1634.033,122.0,0.843,0.027,-0.001,-0.006,-0.006,-0.002,3.4,4.2,0.517,0.91,-13.7,0.289,0.289,-13.8,0.29,0.289,-14.1,0.283,0.289,-13.9,0.3,0.289,-13.9,0.294,0.289,0,-1.0,179.203
20130524_1456,52.36,151.48,642.4,AI.BELA.04,-77.875,-34.627,154.388,1708.3,1752.277,1766.784,123.0,2.829,0.399,0.402,0.446,0.448,0.432,1.2,1.5,0.871,0.872,1.8,0.814,0.814,1.7,0.732,0.814,1.3,0.742,0.814,1.3,0.74,0.814,1.4,0.733,0.814,0,-1.0,177.041
20130524_1456,52.36,151.48,642.4,YT.WHIT.,-82.682,-104.387,143.553,1648.019,1680.121,1690.296,124.0,13.691,0.709,0.695,0.713,0.709,0.703,0.0,0.1,0.944,0.941,0.0,0.906,0.906,0.1,0.97,0.906,-0.2,0.953,0.906,-0.3,0.956,0.906,0.0,0.967,0.906,1,1.0,167.986
20130524_1456,52.36,151.48,642.4,ZD.FN03.,-11.764,-76.304,124.275,1531.327,1546.827,1551.461,125.0,2.523,0.563,0.622,0.607,0.612,0.609,-1.1,-0.6,0.868,0.742,-1.4,0.662,0.662,-0.9,0.779,0.662,-1.1,0.76,0.662,-1.0,0.754,0.662,-1.1,0.756,0.662,0,-1.0,61.143
20130524_1456,52.36,151.48,642.4,GT.BOSA.00,-28.614,25.256,134.111,1592.372,1615.572,1622.693,126.0,1.441,0.111,0.165,0.166,0.166,0.166,8.7,4.2,0.687,-0.826,7.2,0.771,0.771,7.4,0.763,0.771,7.4,0.759,0.771,7.4,0.761,0.771,7.4,0.761,0.771,0,-1.0,-80.285
20130524_1456,52.36,151.48,642.4,YT.FALL.,-85.307,-143.628,140.175,1628.442,1657.195,1666.207,127.0,4.636,0.682,0.673,0.707,0.704,0.69,0.8,1.1,0.917,0.874,0.7,0.931,0.931,0.6,0.869,0.931,-0.2,0.921,0.931,0.0,0.912,0.931,0.3,0.884,0.931,1,1.0,173.347
20130524_1456,52.36,151.48,642.4,AF.PKA.,-29.67,22.757,136.379,1605.999,1631.203,1639.006,128.0,1.17,0.144,0.128,0.118,0.12,0.122,1.1,1.9,0.657,0.427,5.2,0.444,0.444,4.6,0.427,0.444,4.4,0.435,0.444,4.5,0.435,0.444,4.5,0.433,0.444,0,-1.0,-79.061
20130524_1456,52.36,151.48,642.4,YT.PECA.,-85.612,-68.552,145.621,1659.81,1694.055,1704.984,129.0,2.685,0.523,0.482,0.525,0.516,0.497,-0.3,0.5,0.85,0.696,0.2,0.789,0.789,0.1,0.821,0.789,-0.6,0.823,0.789,-0.6,0.82,0.789,-0.3,0.818,0.789,0,-1.0,174.996
20130524_1456,52.36,151.48,642.4,XK.B06OR.,-19.901,23.527,128.514,1558.011,1576.644,1582.258,130.0,2.219,0.317,0.206,0.309,0.307,0.302,-5.6,-4.9,0.627,0.778,2.1,0.684,0.684,-0.3,0.647,0.684,2.4,0.694,0.684,2.4,0.691,0.684,2.4,0.69,0.684,0,-1.0,-71.149
20130524_1456,52.36,151.48,642.4,YT.ALYS.,-84.355,-23.735,147.983,1673.119,1709.88,1721.713,131.0,2.985,0.61,0.595,0.633,0.628,0.613,1.0,0.8,0.96,0.886,0.1,0.788,0.788,0.5,0.854,0.788,0.1,0.837,0.788,0.1,0.844,0.788,0.4,0.852,0.788,0,-1.0,-179.113
20130524_1456,52.36,151.48,642.4,CX.PB04.,-22.334,-70.149,136.314,1605.614,1630.761,1638.544,132.0,1.623,0.408,0.356,0.36,0.363,0.364,1.1,1.1,0.897,0.916,0.5,0.774,0.774,0.6,0.749,0.774,0.2,0.746,0.774,0.2,0.751,0.774,0.2,0.752,0.774,0,-1.0,62.587
20130524_1456,52.36,151.48,642.4,ZJ.GRAW.,-74.004,154.989,126.387,1544.693,1561.713,1566.821,133.0,1.059,0.302,0.39,0.37,0.369,0.381,-5.5,-2.3,0.892,-0.72,-5.8,0.669,0.669,-6.0,0.635,0.669,-6.6,0.638,0.669,-6.3,0.635,0.669,-6.1,0.636,0.669,0,-1.0,178.796
20130524_1456,52.36,151.48,642.4,CX.PB02.,-21.32,-69.896,135.627,1601.501,1626.03,1633.603,134.0,1.138,0.29,0.307,0.27,0.273,0.275,-0.3,0.0,0.844,0.84,-1.0,0.874,0.874,-0.8,0.889,0.874,-1.2,0.889,0.874,-1.1,0.901,0.874,-1.1,0.899,0.874,0,-1.0,61.467
20130524_1456,52.36,151.48,642.4,CX.PB15.,-23.208,-69.471,137.389,1612.016,1638.147,1646.262,135.0,1.134,0.136,0.113,0.14,0.137,0.138,2.9,-4.3,0.773,0.888,-5.3,0.757,0.757,-5.3,0.701,0.757,-5.7,0.699,0.757,-5.7,0.721,0.757,-5.7,0.717,0.757,0,-1.0,62.597
20130524_1456,52.36,151.48,642.4,ZD.FN14.,-12.78,-74.988,125.829,1541.178,1557.788,1562.768,136.0,3.323,0.482,0.476,0.474,0.471,0.472,-0.3,4.2,0.66,-0.871,0.3,0.705,0.705,0.4,0.598,0.705,0.1,0.618,0.705,0.3,0.619,0.705,0.3,0.616,0.705,0,-1.0,60.502
20130524_1456,52.36,151.48,642.4,C.GO10.,-53.155,-71.05,154.63,1709.604,1753.865,1768.479,137.0,1.778,0.256,0.244,0.257,0.244,0.249,-0.8,-0.5,0.819,0.826,-0.5,0.636,0.636,-1.1,0.64,0.636,-1.6,0.683,0.636,-1.5,0.677,0.636,-1.1,0.648,0.636,0,-1.0,108.767
20130524_1456,52.36,151.48,642.4,XV.MAPH.,-22.25,35.08,123.446,1526.041,1540.969,1545.425,138.0,1.244,0.133,0.137,0.139,0.136,0.137,-4.4,-4.1,0.713,0.747,0.5,0.446,0.446,12.7,0.337,0.446,12.5,0.278,0.446,12.6,0.295,0.446,12.6,0.302,0.446,0,-1.0,-83.285
20130524_1456,52.36,151.48,642.4,6H.MUXU.,-20.636,34.064,122.835,1522.13,1536.642,1540.97,139.0,0.351,-0.034,-0.004,-0.037,-0.003,-0.003,10.8,-2.8,0.359,-0.996,-3.8,0.48,0.48,11.2,0.347,0.48,-3.8,0.437,0.48,10.8,0.333,0.48,10.9,0.336,0.48,0,-1.0,-81.175
20130524_1456,52.36,151.48,642.4,G.CRZF.10,-46.43,51.861,130.096,1567.824,1587.695,1593.709,140.0,0.934,0.183,0.084,0.079,0.076,0.08,1.0,0.6,0.888,0.834,8.0,0.343,0.343,-8.1,0.588,0.343,-8.1,0.585,0.343,-8.1,0.585,0.343,-8.1,0.587,0.343,0,-1.0,-117.174
20130524_1456,52.36,151.48,642.4,C.GO03.,-27.594,-70.235,140.426,1629.911,1658.906,1668.001,141.0,1.586,0.13,0.187,0.206,0.188,0.19,4.2,4.4,0.432,0.275,4.1,0.773,0.773,4.3,0.743,0.773,4.0,0.762,0.773,4.0,0.758,0.773,4.0,0.757,0.773,0,-1.0,67.513
20130524_1456,52.36,151.48,642.4,CX.PB12.,-18.614,-70.328,133.169,1586.661,1609.056,1615.905,142.0,0.753,0.215,0.131,0.152,0.145,0.14,-5.6,-1.6,0.675,-0.631,1.5,0.727,0.727,-5.8,0.835,0.727,-6.1,0.823,0.727,-6.1,0.827,0.727,-6.0,0.829,0.727,0,-1.0,59.797
20130524_1456,52.36,151.48,642.4,G.COYC.00,-45.573,-72.081,151.078,1690.291,1730.463,1743.546,143.0,3.385,0.388,0.493,0.506,0.504,0.501,1.1,1.4,0.725,0.758,-0.2,0.752,0.752,-0.1,0.77,0.752,-0.6,0.729,0.752,-0.6,0.738,0.752,-0.3,0.751,0.752,0,-1.0,93.859
20130524_1456,52.36,151.48,642.4,XK.B03SL.,-21.121,24.764,128.75,1559.477,1578.291,1583.964,144.0,1.453,0.173,0.278,0.169,0.165,0.165,-7.9,-4.1,0.569,-0.346,-0.6,0.636,0.636,-3.0,0.504,0.636,-0.3,0.591,0.636,-0.3,0.578,0.636,-0.3,0.569,0.636,0,-1.0,-73.28
20130524_1456,52.36,151.48,642.4,YT.KOLR.,-76.154,-120.727,139.75,1625.949,1654.294,1663.165,145.0,4.388,0.67,0.588,0.523,0.554,0.577,-0.8,-0.7,0.896,0.889,-1.0,0.925,0.925,-1.5,0.87,0.925,-2.0,0.912,0.925,-1.8,0.907,0.925,-1.6,0.885,0.925,0,-1.0,158.24
20130524_1456,52.36,151.48,642.4,YT.MPAT.,-78.03,-155.022,134.371,1593.945,1617.37,1624.567,146.0,5.252,0.699,0.629,0.654,0.651,0.63,0.6,0.6,0.828,0.862,0.2,0.899,0.899,0.8,0.782,0.899,0.1,0.872,0.899,0.3,0.831,0.899,0.7,0.792,0.899,0,-1.0,166.483
20130524_1456,52.36,151.48,642.4,YT.AGO3.,-82.754,28.581,145.83,1660.998,1695.464,1706.472,147.0,5.346,0.404,0.402,0.367,0.394,0.404,1.1,-2.8,0.891,-0.307,-6.2,0.666,0.666,0.0,0.485,0.666,-7.7,0.598,0.666,-7.6,0.588,0.666,-7.5,0.551,0.666,0,-1.0,-169.123
20130524_1456,52.36,151.48,642.4,GT.VNDA.00,-77.517,161.853,130.039,1567.471,1587.297,1593.296,148.0,6.788,0.736,0.709,0.656,0.688,0.703,-0.4,-0.2,0.937,0.937,-0.5,0.941,0.941,-0.8,0.858,0.941,-1.3,0.906,0.941,-1.0,0.894,0.941,-0.9,0.871,0.941,1,0.0,177.079
20130524_1456,52.36,151.48,642.4,G.CCD.00,-75.106,123.305,128.821,1559.924,1578.794,1584.485,149.0,9.324,0.673,0.575,0.575,0.587,0.576,0.1,0.1,0.943,0.944,0.0,0.829,0.829,-0.2,0.845,0.829,-0.6,0.836,0.829,-0.3,0.844,0.829,-0.3,0.845,0.829,0,-1.0,-171.015
20130524_1456,52.36,151.48,642.4,6H.MACO.,-17.958,34.172,120.708,1508.416,1521.536,1525.437,150.0,1.159,0.009,0.042,0.044,0.042,0.043,-5.8,5.1,0.31,-0.011,-2.3,0.428,0.428,14.0,0.174,0.428,14.0,0.168,0.428,14.0,0.169,0.428,14.0,0.17,0.428,0,-1.0,-79.262
20130524_1456,52.36,151.48,642.4,ZD.FN09.,-11.048,-75.373,124.169,1530.654,1546.081,1550.691,151.0,2.416,0.539,0.51,0.54,0.539,0.533,1.2,1.3,0.72,0.768,1.0,0.931,0.931,1.3,0.899,0.931,1.1,0.909,0.931,1.2,0.912,0.931,1.2,0.91,0.931,0,-1.0,59.749
20130524_1456,52.36,151.48,642.4,ZJ.SAMH.,-75.203,153.997,127.574,1552.142,1570.054,1575.441,152.0,0.84,0.282,0.281,0.293,0.285,0.285,3.2,3.4,0.64,0.793,2.8,0.585,0.585,3.1,0.557,0.585,2.5,0.536,0.585,2.8,0.551,0.585,3.1,0.558,0.585,0,-1.0,179.187
20130524_1456,52.36,151.48,642.4,ZD.FS10.,-13.197,-71.62,127.946,1554.467,1572.663,1578.14,153.0,0.634,0.084,0.164,0.161,0.155,0.158,0.8,4.0,0.65,-0.91,-0.5,0.615,0.615,7.5,0.588,0.615,7.4,0.588,0.615,7.4,0.588,0.615,7.4,0.589,0.615,0,-1.0,57.319
20130524_1456,52.36,151.48,642.4,CX.PATCX.,-20.821,-70.153,135.081,1598.223,1622.268,1629.677,154.0,2.714,0.411,0.391,0.388,0.391,0.388,-0.6,-0.7,0.786,0.789,-0.7,0.854,0.854,-0.4,0.865,0.854,-0.7,0.844,0.854,-0.7,0.837,0.854,-0.7,0.835,0.854,0,-1.0,61.34
20130524_1456,52.36,151.48,642.4,ZD.FN02.,-11.909,-76.526,124.277,1531.342,1546.845,1551.479,155.0,2.431,0.1,0.181,0.195,0.191,0.19,3.8,3.1,0.506,0.498,2.6,0.723,0.723,3.0,0.722,0.723,2.8,0.724,0.723,2.9,0.722,0.723,2.8,0.724,0.723,0,-1.0,61.459
20130524_1456,52.36,151.48,642.4,C.GO09.,-51.271,-72.338,153.307,1702.457,1745.175,1759.207,156.0,2.459,0.412,0.447,0.476,0.466,0.456,0.4,0.7,0.532,0.47,0.4,0.453,0.453,0.5,0.464,0.453,-0.1,0.48,0.453,0.0,0.468,0.453,0.4,0.466,0.453,0,-1.0,105.194
