station,stla,stlo,gcarc,s2ks,s3ks,s4ks,tridx,ccf1,ccf2,ccf3,ccf4,ccf5
4F.RODGA.,64.985,-16.886,139.298,1645.993,1673.464,1682.018,0.000,0.161,0.096,0.091,0.089,0.089
YL.ALOR.01,41.301,32.870,148.537,1699.041,1735.916,1747.765,1.000,0.447,0.478,0.538,0.523,0.501
NO.NC303.00,61.225,11.369,143.603,1671.063,1702.748,1712.758,2.000,0.257,0.292,0.330,0.325,0.328
II.KIV.10,43.955,42.686,140.866,1655.193,1684.163,1693.231,3.000,0.751,0.731,0.747,0.743,0.739
NE.HNH.,43.705,-72.286,120.057,1526.601,1538.996,1542.670,4.000,0.383,0.355,0.359,0.370,0.362
NE.EMMW.,44.710,-67.458,123.605,1549.523,1564.218,1568.594,5.000,0.561,0.487,0.474,0.475,0.480
7E.PG41.,50.751,17.333,151.547,1715.724,1755.926,1768.992,6.000,0.535,0.538,0.571,0.575,0.583
7E.PG43.,51.472,18.724,150.452,1709.687,1748.663,1761.278,7.000,0.346,0.417,0.511,0.509,0.494
CH.MUO.,46.968,8.637,157.588,1748.319,1795.592,1811.308,8.000,0.381,0.397,0.428,0.451,0.433
6C.SYRA.,37.402,24.893,155.677,1738.130,1783.112,1797.967,9.000,0.665,0.619,0.666,0.665,0.654
CH.LIENZ.,47.294,9.492,157.065,1745.542,1792.182,1807.661,10.000,0.483,0.495,0.523,0.532,0.527
NL.OPLO.,51.589,5.812,153.699,1727.471,1770.135,1784.118,11.000,0.315,0.242,0.221,0.219,0.220
7E.PB44.,51.689,15.818,151.280,1714.256,1754.157,1767.112,12.000,0.361,0.377,0.420,0.399,0.408
RO.TIM.,45.736,21.221,153.600,1726.930,1769.478,1783.418,13.000,0.396,0.397,0.379,0.395,0.394
XS.S042.01,38.047,23.864,156.177,1740.806,1786.382,1801.460,14.000,0.635,0.605,0.652,0.643,0.631
CH.MMK.,46.051,7.964,158.610,1753.721,1802.241,1818.428,15.000,0.447,0.512,0.523,0.512,0.514
OE.MOA.,47.849,14.266,155.070,1734.869,1779.134,1793.719,16.000,0.697,0.718,0.734,0.732,0.731
NS.TRO.00,69.635,18.911,134.644,1618.224,1641.472,1648.595,17.000,0.429,0.479,0.476,0.474,0.482
CZ.PVCC.,50.528,14.569,152.678,1721.918,1763.405,1776.948,18.000,0.724,0.725,0.754,0.751,0.753
IU.KMBO.00,-1.127,37.252,134.902,1619.780,1643.251,1650.450,19.000,0.434,0.433,0.453,0.450,0.446
NO.SPA0.00,78.178,16.370,126.965,1570.848,1587.932,1593.049,20.000,0.475,0.402,0.424,0.422,0.419
CH.WIMIS.,46.665,7.624,158.114,1751.103,1799.015,1814.973,21.000,0.403,0.470,0.498,0.506,0.501
1M.D36.00,52.698,-6.211,152.636,1721.686,1763.124,1776.649,22.000,0.165,0.143,0.157,0.155,0.153
G.SSB.00,45.279,4.542,160.041,1761.226,1811.516,1828.374,23.000,0.601,0.603,0.626,0.638,0.632
MD.KIS.,46.998,28.817,148.665,1699.757,1736.770,1748.670,24.000,0.371,0.429,0.454,0.456,0.436
XS.S129.01,38.089,24.362,155.801,1738.796,1783.925,1798.836,25.000,0.427,0.397,0.437,0.435,0.422
XS.S033.01,38.723,23.491,156.155,1740.689,1786.238,1801.307,26.000,0.674,0.566,0.615,0.614,0.594
RO.GZR.,45.393,22.777,152.995,1723.642,1765.492,1779.170,27.000,0.209,0.285,0.326,0.333,0.322
ZE.DIGE.,12.328,40.273,139.591,1647.720,1675.469,1684.118,28.000,0.349,0.276,0.249,0.246,0.253
IU.KBS.10,78.915,11.939,126.504,1567.946,1584.689,1589.700,29.000,0.425,0.441,0.428,0.434,0.436
YL.KUZO.01,40.904,32.861,148.673,1699.798,1736.819,1748.721,30.000,0.594,0.618,0.675,0.674,0.659
YL.INSU.01,39.842,35.366,147.147,1691.231,1726.611,1737.922,31.000,0.653,0.646,0.631,0.640,0.640
OE.WTTA.,47.264,11.636,156.467,1742.358,1788.281,1803.490,32.000,0.549,0.586,0.605,0.612,0.612
GR.MOX.,50.646,11.616,153.436,1726.041,1768.400,1782.268,33.000,0.649,0.647,0.678,0.684,0.672
II.OBN.10,55.115,36.567,140.187,1651.219,1679.536,1688.380,34.000,0.606,0.604,0.656,0.662,0.634
RO.BUC1.,44.348,26.028,151.734,1716.754,1757.167,1770.311,35.000,0.344,0.480,0.554,0.552,0.531
II.LVZ.00,67.898,34.651,132.824,1607.167,1628.867,1635.471,36.000,0.673,0.620,0.661,0.661,0.654
FR.ESCA.00,43.831,7.374,160.831,1765.342,1816.623,1833.858,37.000,0.340,0.365,0.393,0.395,0.391
NE.BRYW.,41.920,-71.534,120.344,1528.473,1541.046,1544.773,38.000,0.377,0.359,0.355,0.360,0.359
CH.TORNY.,46.774,6.959,158.156,1751.327,1799.290,1815.268,39.000,0.576,0.633,0.653,0.667,0.657
IU.LSZ.10,-15.278,28.188,130.531,1593.079,1612.910,1618.899,40.000,0.379,0.378,0.374,0.376,0.373
IU.KBS.00,78.915,11.939,126.504,1567.946,1584.689,1589.700,41.000,0.436,0.449,0.434,0.441,0.443
GE.ZKR.,35.115,26.217,155.382,1736.548,1781.181,1795.905,42.000,0.705,0.725,0.728,0.736,0.728
NE.WES.,42.385,-71.322,120.568,1529.928,1542.641,1546.411,43.000,0.500,0.484,0.471,0.487,0.487
ZE.SILE.,12.407,41.188,138.817,1643.151,1670.170,1678.570,44.000,0.606,0.553,0.483,0.505,0.512
YL.PANC.01,40.647,34.301,147.712,1694.414,1730.399,1741.927,45.000,0.585,0.611,0.621,0.622,0.619
GR.GRB3.,49.343,11.805,154.563,1732.137,1775.807,1790.168,46.000,0.508,0.598,0.647,0.652,0.642
SK.VYHS.,48.494,18.836,152.745,1722.281,1763.845,1777.416,47.000,0.656,0.640,0.629,0.619,0.631
NO.SPB1.00,78.180,16.391,126.962,1570.829,1587.910,1593.026,48.000,0.442,0.364,0.386,0.384,0.381
CU.GRGR.,12.132,-61.654,120.877,1531.935,1544.842,1548.671,49.000,0.185,0.253,0.304,0.294,0.262
II.CMLA.00,37.764,-25.524,155.490,1737.126,1781.885,1796.657,50.000,0.163,0.206,0.235,0.225,0.215
ZE.CHIE.,11.598,40.019,139.498,1647.172,1674.833,1683.452,51.000,0.488,0.561,0.550,0.561,0.561
GR.CLL.,51.308,13.002,152.462,1720.738,1761.978,1775.429,52.000,0.752,0.749,0.739,0.731,0.738
CH.WILA.,47.415,8.908,157.104,1745.752,1792.440,1807.937,53.000,0.400,0.439,0.493,0.519,0.501
PL.WAR.,52.242,21.024,148.971,1701.464,1738.810,1750.829,54.000,0.610,0.667,0.716,0.726,0.711
II.BRVK.00,53.058,70.283,121.790,1537.850,1551.341,1555.347,55.000,0.582,0.588,0.591,0.589,0.587
CH.AIGLE.,46.342,6.953,158.568,1753.501,1801.969,1818.137,56.000,0.532,0.646,0.689,0.720,0.713
7E.PC21.,49.670,12.678,154.015,1729.179,1772.210,1786.330,57.000,0.626,0.716,0.761,0.765,0.749
XS.S126.01,38.460,23.497,156.265,1741.278,1786.958,1802.076,58.000,0.521,0.505,0.551,0.549,0.538
CH.EMV.,46.063,6.899,158.845,1754.956,1803.764,1820.060,59.000,0.175,0.169,0.171,0.167,0.170
YL.SYUN.01,40.838,33.529,148.214,1697.229,1733.753,1745.476,60.000,0.593,0.593,0.619,0.622,0.614
CU.ANWB.,17.668,-61.786,122.767,1544.143,1558.273,1562.476,61.000,0.479,0.447,0.462,0.440,0.450
GE.TIRR.,44.458,28.413,150.217,1708.387,1747.102,1759.621,62.000,0.435,0.567,0.683,0.661,0.639
GR.GRA4.,49.564,11.435,154.466,1731.619,1775.177,1789.495,63.000,0.612,0.701,0.698,0.683,0.693
ZF.BTIE.,11.195,40.022,139.317,1646.101,1673.590,1682.151,64.000,0.504,0.375,0.312,0.329,0.337
7E.PG44.,51.610,19.653,149.992,1707.144,1745.611,1758.039,65.000,0.427,0.529,0.576,0.584,0.581
II.ARU.00,56.430,58.562,128.252,1578.915,1596.970,1602.391,66.000,0.689,0.670,0.687,0.684,0.677
AF.DODT.,-6.186,35.748,132.668,1606.217,1627.788,1634.349,67.000,0.039,0.023,0.026,0.028,0.025
CH.SENIN.,46.363,7.299,158.472,1752.993,1801.343,1817.467,68.000,0.483,0.526,0.557,0.551,0.553
YL.CAKM.01,40.015,37.367,145.615,1682.563,1716.324,1727.061,69.000,0.544,0.510,0.481,0.484,0.497
KZ.VOS.,52.723,70.980,121.360,1535.064,1548.278,1552.200,70.000,0.577,0.614,0.635,0.635,0.624
X5.MNGN.,64.663,-72.434,120.671,1530.600,1543.378,1547.167,71.000,0.201,0.095,0.118,0.125,0.109
GR.GRB4.,49.468,11.559,154.519,1731.902,1775.522,1789.864,72.000,0.657,0.726,0.746,0.747,0.751
CN.FRB.,63.747,-68.545,122.447,1542.088,1556.008,1560.146,73.000,0.106,0.212,0.210,0.200,0.203
IS.HRFI.,30.040,35.030,148.609,1699.442,1736.394,1748.272,74.000,0.706,0.780,0.794,0.810,0.805
IU.FURI.10,8.895,38.680,139.402,1646.605,1674.175,1682.763,75.000,0.475,0.463,0.454,0.457,0.461
XS.S035.01,38.661,24.108,155.747,1738.506,1783.571,1798.457,76.000,0.418,0.408,0.464,0.464,0.447
ZP.MLBA.02,-1.838,31.670,138.614,1641.952,1668.781,1677.117,77.000,0.159,0.159,0.170,0.173,0.159
NS.BJO1.00,74.504,19.004,130.176,1590.883,1610.431,1616.329,78.000,0.084,0.088,0.093,0.093,0.091
IU.FURI.00,8.895,38.680,139.402,1646.605,1674.175,1682.763,79.000,0.469,0.462,0.453,0.457,0.460
XS.S039.01,37.457,24.949,155.615,1737.798,1782.706,1797.534,80.000,0.719,0.661,0.721,0.723,0.705
YL.KUYL.01,41.590,34.332,147.407,1692.696,1728.354,1739.764,81.000,0.680,0.687,0.671,0.677,0.685
II.BFO.00,48.330,8.330,156.385,1741.919,1787.744,1802.916,82.000,0.578,0.577,0.606,0.614,0.605
GR.BFO.,48.330,8.330,156.385,1741.919,1787.744,1802.916,83.000,0.586,0.588,0.622,0.630,0.621
XS.S019.01,38.259,23.065,156.657,1743.371,1789.522,1804.816,84.000,0.742,0.644,0.644,0.644,0.650
GT.BOSA.00,-28.614,25.256,120.403,1528.853,1541.462,1545.201,85.000,0.126,0.138,0.144,0.151,0.148
HE.VAF.,63.047,22.668,139.699,1648.350,1676.201,1684.885,86.000,0.531,0.574,0.603,0.605,0.593
AF.PKA.,-29.670,22.757,120.387,1528.751,1541.350,1545.086,87.000,0.034,0.019,0.022,0.030,0.025
7E.ROC.,50.251,13.771,153.170,1724.598,1766.650,1780.404,88.000,0.702,0.738,0.764,0.773,0.766
YL.CALT.01,41.328,35.125,146.919,1689.948,1725.086,1736.311,89.000,0.731,0.728,0.717,0.721,0.728
ZF.SEKE.,12.622,39.033,140.811,1654.875,1683.793,1692.843,90.000,0.370,0.361,0.379,0.372,0.369
GE.STU.,48.772,9.195,155.771,1738.635,1783.728,1798.625,91.000,0.716,0.722,0.759,0.760,0.756
ZP.ROTI.02,1.626,33.600,139.472,1647.015,1674.651,1683.261,92.000,0.216,0.212,0.217,0.222,0.217
IU.KMBO.10,-1.127,37.252,134.902,1619.780,1643.251,1650.450,93.000,0.415,0.413,0.434,0.432,0.427
CZ.MORC.,49.777,17.542,152.261,1719.638,1760.648,1774.014,94.000,0.643,0.632,0.648,0.627,0.637
GE.MATE.,40.649,16.704,159.445,1758.111,1807.660,1824.237,95.000,0.534,0.545,0.570,0.565,0.563
7E.PC26.,50.086,12.840,153.598,1726.919,1769.465,1783.403,96.000,0.012,0.002,-0.004,-0.007,-0.005
7E.PG45.,51.888,20.595,149.412,1703.919,1741.746,1753.941,97.000,0.497,0.506,0.535,0.538,0.522
YL.CRLU.01,40.064,34.357,147.835,1695.104,1731.220,1742.796,98.000,0.652,0.640,0.641,0.651,0.654
YL.OGUR.01,41.109,35.165,146.954,1690.142,1725.317,1736.555,99.000,0.721,0.723,0.673,0.693,0.705
EE.VSU.,58.462,26.735,142.139,1662.605,1692.822,1702.321,100.000,0.757,0.755,0.765,0.762,0.761
4F.LOKAA.,65.157,-16.820,139.151,1645.126,1672.458,1680.965,101.000,-0.045,0.043,0.063,0.064,0.055
CH.MUGIO.,45.922,9.042,158.448,1752.867,1801.188,1817.300,102.000,0.541,0.560,0.582,0.592,0.584
ZF.SMRE.,13.198,39.211,140.898,1655.382,1684.384,1693.463,103.000,0.328,0.171,0.150,0.153,0.154
HU.PKSM.,46.212,18.641,154.543,1732.030,1775.678,1790.030,104.000,0.674,0.596,0.601,0.614,0.604
GE.MHV.,54.959,37.766,139.684,1648.262,1676.099,1684.778,105.000,0.616,0.633,0.685,0.675,0.663
II.KIV.00,43.955,42.686,140.866,1655.193,1684.163,1693.231,106.000,0.747,0.729,0.741,0.738,0.736
GR.UBBA.,50.819,10.001,153.675,1727.336,1769.972,1783.944,107.000,0.582,0.610,0.641,0.653,0.634
CH.PLONS.,47.049,9.381,157.320,1746.898,1793.846,1809.441,108.000,0.553,0.589,0.631,0.643,0.631
XS.S025.01,38.566,23.213,156.419,1742.099,1787.964,1803.151,109.000,0.202,0.192,0.202,0.202,0.200
LD.UCCT.,41.794,-72.226,119.816,1525.033,1537.280,1540.909,110.000,0.359,0.559,0.564,0.568,0.565
KZ.CHKZ.,53.676,70.615,121.607,1536.662,1550.035,1554.005,111.000,0.637,0.644,0.662,0.659,0.651
GT.DBIC.00,6.670,-4.857,160.475,1763.489,1814.322,1831.387,112.000,0.007,0.023,0.025,0.036,0.029
II.ASCN.10,-7.933,-14.360,143.687,1671.544,1703.315,1713.353,113.000,0.130,0.163,0.161,0.161,0.156
IU.KONO.10,59.649,9.598,145.364,1681.139,1714.637,1725.281,114.000,0.412,0.415,0.444,0.444,0.435
FN.OUL.,65.086,25.893,137.220,1633.679,1659.221,1667.120,115.000,0.593,0.596,0.642,0.649,0.631
TH.PLN.,50.485,12.157,153.435,1726.039,1768.398,1782.266,116.000,0.624,0.649,0.662,0.663,0.663
CH.FUSIO.,46.455,8.663,158.057,1750.806,1798.649,1814.582,117.000,0.531,0.523,0.567,0.584,0.569
RO.DRGR.,46.792,22.711,152.129,1718.916,1759.777,1773.087,118.000,0.698,0.716,0.733,0.728,0.728
RO.BZS.,45.619,21.640,153.459,1726.166,1768.552,1782.430,119.000,0.549,0.686,0.744,0.749,0.724
ZE.MILE.,11.424,40.765,138.765,1642.848,1669.819,1678.202,120.000,0.470,0.517,0.514,0.519,0.519
ZF.AKEE.,10.888,39.168,139.925,1649.682,1677.748,1686.506,121.000,0.186,0.099,0.096,0.096,0.097
XY.LIA.00,39.900,25.180,154.464,1731.604,1775.159,1789.476,122.000,0.563,0.537,0.498,0.515,0.520
YL.BEKI.01,41.315,34.263,147.541,1693.451,1729.252,1740.714,123.000,0.754,0.764,0.748,0.759,0.764
AF.KTWE.,-12.814,28.209,132.537,1605.411,1626.872,1633.396,124.000,0.005,0.026,0.025,0.023,0.025
TH.PST.,50.863,12.253,153.069,1724.045,1765.981,1779.691,125.000,0.598,0.639,0.663,0.659,0.659
YL.KARA.01,40.688,35.245,147.014,1690.480,1725.719,1736.980,126.000,0.694,0.706,0.683,0.700,0.706
GE.SUMG.,72.576,-38.454,128.746,1582.000,1600.434,1605.975,127.000,0.314,0.212,0.240,0.237,0.219
HE.JOF.,62.919,31.309,137.354,1634.473,1660.136,1668.077,128.000,0.667,0.657,0.664,0.658,0.660
XK.LP23.00,66.882,28.940,135.040,1620.614,1644.206,1651.445,129.000,,,,,
CZ.NKC.,50.233,12.448,153.580,1726.825,1769.351,1783.282,130.000,0.741,0.745,0.764,0.759,0.750
NL.GUR1.,51.169,5.785,154.113,1729.711,1772.856,1787.019,131.000,0.216,0.485,0.500,0.502,0.502
FR.CALF.00,43.753,6.922,161.021,1766.326,1817.846,1835.172,132.000,0.178,0.200,0.205,0.204,0.205
SK.CRVS.,48.902,21.461,151.281,1714.262,1754.165,1767.120,133.000,0.321,0.353,0.400,0.404,0.391
SK.ZST.,48.196,17.103,153.699,1727.466,1770.130,1784.112,134.000,0.185,0.201,0.200,0.204,0.201
YL.DUMA.01,40.918,35.140,147.026,1690.550,1725.802,1737.068,135.000,0.731,0.724,0.690,0.703,0.715
ZF.GASE.,11.681,38.921,140.499,1653.048,1681.665,1690.611,136.000,0.371,0.302,0.293,0.299,0.298
DK.SFJD.00,66.996,-50.621,128.602,1581.102,1599.425,1604.931,137.000,0.040,0.117,0.096,0.095,0.107
ZE.TRUE.,12.484,40.316,139.620,1647.890,1675.667,1684.325,138.000,0.432,0.325,0.340,0.338,0.331
CH.BERNI.,46.414,10.023,157.720,1749.020,1796.453,1812.231,139.000,0.510,0.579,0.640,0.645,0.637
NL.WTSB.01,51.966,6.799,153.191,1724.711,1766.787,1780.550,140.000,0.073,0.063,0.061,0.060,0.061
CH.BALST.,47.336,7.695,157.464,1747.663,1794.786,1810.446,141.000,0.535,0.567,0.600,0.613,0.602
ZP.KBLE.02,-1.254,29.992,140.222,1651.426,1679.776,1688.631,142.000,0.460,0.444,0.451,0.454,0.449
YL.KIZIK.01,40.048,36.536,146.226,1686.031,1720.436,1731.400,143.000,0.726,0.711,0.670,0.688,0.701
FR.SAOF.00,43.987,7.555,160.638,1764.339,1815.377,1832.520,144.000,0.038,0.046,0.048,0.049,0.048
CZ.DPC.,50.350,16.322,152.239,1719.521,1760.508,1773.865,145.000,0.604,0.598,0.642,0.642,0.637
GE.APE.,37.069,25.531,155.320,1736.213,1780.773,1795.469,146.000,0.708,0.701,0.730,0.726,0.718
XK.LP72.00,68.953,25.712,134.075,1614.779,1637.537,1644.495,147.000,0.592,0.592,0.617,0.618,0.610
GR.BRG.,50.873,13.944,152.572,1721.341,1762.708,1776.206,148.000,0.764,0.765,0.772,0.768,0.771
HE.MEF.,60.217,24.396,141.544,1659.148,1688.780,1698.076,149.000,0.693,0.662,0.695,0.696,0.685
GE.IBBN.,52.306,7.759,152.709,1722.087,1763.610,1777.166,150.000,0.655,0.650,0.655,0.653,0.654
GR.BSEG.,53.936,10.316,150.687,1710.990,1750.228,1762.939,151.000,0.474,0.542,0.528,0.520,0.532
GR.TNS.,50.224,8.449,154.570,1732.179,1775.858,1790.223,152.000,0.665,0.725,0.741,0.747,0.745
RO.BUR31.,47.644,25.200,150.285,1708.765,1747.556,1760.103,153.000,0.554,0.561,0.529,0.535,0.540
YL.DERE.01,41.477,35.064,146.919,1689.947,1725.085,1736.310,154.000,0.708,0.683,0.655,0.675,0.683
ZP.SAKA.02,-0.315,31.737,139.607,1647.813,1675.577,1684.231,155.000,0.462,0.499,0.493,0.487,0.486
II.OBN.00,55.115,36.567,140.187,1651.219,1679.536,1688.380,156.000,0.612,0.605,0.659,0.664,0.636
XS.S032.01,38.591,23.758,156.024,1739.991,1785.384,1800.395,157.000,0.529,0.537,0.584,0.576,0.564
ZP.BUTI.02,1.819,31.326,141.334,1657.925,1687.351,1696.577,158.000,0.210,0.233,0.211,0.201,0.211
7E.PG22.,49.643,14.899,153.328,1725.457,1767.692,1781.514,159.000,0.601,0.681,0.696,0.699,0.699
NO.SPB3.00,78.174,16.358,126.970,1570.877,1587.963,1593.082,160.000,0.468,0.401,0.417,0.424,0.412
II.ASCN.00,-7.933,-14.360,143.687,1671.544,1703.315,1713.353,161.000,0.034,0.085,0.085,0.093,0.081
ZP.MAUS.02,-2.741,36.704,134.285,1616.048,1638.986,1646.004,162.000,0.147,0.191,0.202,0.200,0.190
IU.KEV.10,69.757,27.003,133.155,1609.183,1631.160,1637.857,163.000,0.633,0.589,0.600,0.605,0.601
SX.TANN.,50.415,12.461,153.414,1725.920,1768.254,1782.113,164.000,0.609,0.653,0.693,0.704,0.691
AF.UPI.,-28.362,21.253,122.112,1539.923,1553.622,1557.693,165.000,0.163,0.133,0.134,0.145,0.141
ZP.JNJA.02,0.446,33.182,139.032,1644.424,1671.645,1680.114,166.000,0.175,0.125,0.159,0.164,0.146
GR.GRC1.,48.995,11.520,154.956,1734.260,1778.391,1792.927,167.000,0.703,0.705,0.722,0.727,0.721
XS.S028.01,38.047,23.864,156.177,1740.806,1786.382,1801.460,168.000,0.613,0.574,0.627,0.620,0.605
XS.S027.01,38.237,23.666,156.240,1741.143,1786.794,1801.900,169.000,0.665,0.573,0.630,0.630,0.608
CH.BOURR.,47.394,7.230,157.509,1747.903,1795.080,1810.761,170.000,0.664,0.684,0.716,0.734,0.719
IU.ANTO.00,39.868,32.794,149.040,1701.846,1739.267,1751.314,171.000,0.752,0.764,0.784,0.787,0.780
RO.PLOR.,45.851,26.650,150.543,1710.195,1749.273,1761.925,172.000,0.090,0.077,0.081,0.071,0.068
IU.SFJD.00,66.996,-50.621,128.602,1581.103,1599.426,1604.932,173.000,0.081,0.197,0.181,0.179,0.189
IU.KEV.00,69.757,27.003,133.155,1609.183,1631.160,1637.857,174.000,0.620,0.569,0.577,0.582,0.580
GE.SFJD.00,66.996,-50.621,128.602,1581.103,1599.426,1604.932,175.000,0.081,0.197,0.181,0.179,0.189
YL.ALIC.01,40.978,33.487,148.201,1697.156,1733.666,1745.384,176.000,0.574,0.589,0.640,0.632,0.619
DK.SUMG.,72.576,-38.454,128.746,1582.000,1600.434,1605.975,177.000,0.314,0.212,0.240,0.237,0.219
NS.NSS.00,64.530,11.966,140.371,1652.298,1680.791,1689.695,178.000,0.395,0.397,0.397,0.388,0.393
GR.GRC2.,48.867,11.374,155.114,1735.107,1779.423,1794.028,179.000,0.689,0.721,0.738,0.740,0.736
II.ESK.00,55.317,-3.205,150.306,1708.882,1747.696,1760.251,180.000,0.326,0.197,0.178,0.169,0.177
YL.YIKI.01,40.748,35.954,146.480,1687.465,1722.138,1733.197,181.000,0.788,0.754,0.707,0.725,0.741
NE.PQI.,46.670,-68.013,123.349,1547.883,1562.404,1566.727,182.000,0.171,0.257,0.251,0.253,0.255
CH.HASLI.,46.757,8.151,157.904,1749.993,1797.650,1813.511,183.000,0.136,0.151,0.161,0.162,0.159
PL.OJC.,50.220,19.798,151.019,1712.820,1752.428,1765.275,184.000,0.457,0.564,0.628,0.650,0.623
PM.PESTR.,38.867,-7.590,165.468,1789.093,1846.342,1865.880,185.000,-0.081,0.181,0.197,0.201,0.195
SX.GUNZ.,50.363,12.332,153.496,1726.369,1768.798,1782.693,186.000,0.540,0.561,0.597,0.609,0.599
KZ.ABKAR.,49.256,59.943,128.362,1579.601,1597.740,1603.188,187.000,0.627,0.623,0.615,0.629,0.630
Y1.N7001.,68.400,15.954,136.194,1627.550,1652.161,1659.748,188.000,0.049,0.026,0.034,0.038,0.034
IU.TSUM.00,-19.202,17.584,131.858,1601.254,1622.156,1628.495,189.000,0.604,0.575,0.574,0.578,0.580
ZP.PIGI.02,0.231,32.319,139.541,1647.421,1675.122,1683.754,190.000,0.354,0.340,0.333,0.335,0.334
GE.LAST.,35.161,25.479,155.951,1739.600,1784.906,1799.884,191.000,0.680,0.670,0.727,0.726,0.708
XK.LP81.00,68.483,22.119,135.154,1621.299,1644.990,1652.263,192.000,0.501,0.432,0.445,0.445,0.441
OE.OBKA.,46.509,14.549,156.080,1740.291,1785.752,1800.787,193.000,0.280,0.398,0.451,0.468,0.454
ZP.FOPO.02,0.663,30.282,141.340,1657.960,1687.391,1696.619,194.000,0.233,0.241,0.236,0.239,0.237
YL.DOGL.01,40.391,35.284,147.065,1690.772,1726.065,1737.346,195.000,0.685,0.680,0.612,0.641,0.663
CH.LLS.,46.847,9.008,157.605,1748.410,1795.704,1811.428,196.000,0.543,0.572,0.611,0.618,0.616
EE.MTSE.,58.714,23.815,142.917,1667.109,1698.102,1707.870,197.000,0.666,0.663,0.674,0.660,0.667
4F.KOLLA.,65.290,-16.567,139.070,1644.645,1671.901,1680.382,198.000,0.114,0.009,0.015,0.010,0.011
NO.NC405.00,61.113,11.715,143.658,1671.378,1703.119,1713.147,199.000,0.278,0.368,0.397,0.404,0.394
II.BORG.10,64.747,-21.327,138.675,1642.316,1669.202,1677.558,200.000,-0.004,0.020,0.043,0.045,0.034
GE.KMBO.00,-1.127,37.252,134.902,1619.780,1643.251,1650.450,201.000,0.434,0.433,0.453,0.450,0.446
GR.GRB2.,49.270,11.668,154.667,1732.700,1776.493,1790.900,202.000,0.655,0.713,0.718,0.706,0.711
XY.LKR.00,38.650,23.000,156.531,1742.696,1788.695,1803.932,203.000,0.499,0.412,0.403,0.394,0.412
CH.DIX.,46.081,7.408,158.714,1754.268,1802.915,1819.150,204.000,0.482,0.587,0.595,0.595,0.610
GR.GRA1.,49.691,11.220,154.410,1731.314,1774.806,1789.100,205.000,0.655,0.782,0.787,0.775,0.785
SX.WERN.,50.287,12.376,153.552,1726.672,1769.165,1783.084,206.000,0.625,0.645,0.670,0.669,0.665
G.TAM.00,22.791,5.528,173.959,1830.849,1899.675,1923.905,207.000,0.295,0.335,0.349,0.349,0.341
XS.S021.01,38.361,23.089,156.596,1743.045,1789.121,1804.388,208.000,0.673,0.627,0.609,0.617,0.622
IU.GNI.00,40.148,44.741,140.037,1650.340,1678.513,1687.308,209.000,0.425,0.423,0.471,0.449,0.439
YL.BEDI.01,41.121,33.506,148.142,1696.829,1733.276,1744.971,210.000,0.632,0.624,0.616,0.630,0.630
NO.SPB4.00,78.179,16.348,126.966,1570.850,1587.934,1593.051,211.000,0.458,0.388,0.405,0.402,0.402
7E.PB43.,51.631,15.709,151.364,1714.721,1754.717,1767.707,212.000,0.476,0.505,0.506,0.483,0.496
ZE.AFME.,13.204,40.859,139.441,1646.834,1674.441,1683.041,213.000,0.472,0.465,0.464,0.459,0.461
RO.VRI.,45.866,26.728,150.490,1709.902,1748.920,1761.551,214.000,0.022,0.030,0.028,0.028,0.030
HU.BEHE.,46.471,16.776,155.191,1735.524,1779.931,1794.571,215.000,0.219,0.262,0.264,0.267,0.270
ZF.MAYE.,12.783,39.534,140.438,1652.691,1681.249,1690.175,216.000,0.334,0.259,0.242,0.245,0.249
GR.GRA2.,49.654,11.358,154.406,1731.292,1774.780,1789.072,217.000,0.637,0.763,0.772,0.762,0.769
NO.NBO00.00,61.031,10.777,143.874,1672.621,1704.582,1714.687,218.000,0.439,0.439,0.467,0.478,0.465
GE.PSZ.,47.918,19.894,152.710,1722.093,1763.617,1777.173,219.000,0.686,0.684,0.694,0.682,0.684
GE.KWP.,49.631,22.708,150.191,1708.247,1746.934,1759.443,220.000,0.506,0.589,0.594,0.598,0.595
4F.UTYRA.,65.036,-16.319,139.344,1646.265,1673.780,1682.350,221.000,0.033,0.065,0.053,0.040,0.052
CH.ZUR.,47.369,8.581,157.227,1746.406,1793.243,1808.795,222.000,0.408,0.342,0.340,0.340,0.338
4F.MYVOA.,65.156,-16.369,139.226,1645.567,1672.970,1681.501,223.000,0.003,0.072,0.076,0.074,0.072
XK.LP62.00,68.160,25.776,134.723,1618.702,1642.018,1649.164,224.000,0.607,0.581,0.595,0.595,0.590
SX.SCHF.,50.677,12.403,153.195,1724.730,1766.811,1780.575,225.000,0.644,0.643,0.656,0.655,0.652
GR.GRB5.,49.111,11.675,154.808,1733.459,1777.416,1791.885,226.000,0.520,0.572,0.608,0.608,0.598
YL.PELI.01,41.113,34.299,147.576,1693.650,1729.490,1740.965,227.000,0.640,0.629,0.639,0.641,0.642
NO.SPB2.00,78.174,16.385,126.968,1570.863,1587.948,1593.066,228.000,0.480,0.404,0.414,0.426,0.413
SX.NEUB.,51.194,11.772,152.896,1723.106,1764.844,1778.480,229.000,0.735,0.738,0.759,0.756,0.752
RO.MLR.,45.491,25.945,151.153,1713.560,1753.319,1766.222,230.000,0.164,0.169,0.259,0.226,0.215
ZE.HARE.,11.607,40.884,138.741,1642.705,1669.652,1678.028,231.000,0.498,0.440,0.404,0.420,0.422
NO.SPB5.00,78.182,16.368,126.961,1570.822,1587.902,1593.018,232.000,0.467,0.397,0.417,0.415,0.413
NO.NC602.00,60.735,11.541,144.043,1673.588,1705.721,1715.887,233.000,0.486,0.553,0.561,0.554,0.560
ZP.KATE.02,-0.138,29.871,141.089,1656.495,1685.682,1694.825,234.000,0.259,0.279,0.253,0.247,0.266
XY.PRK.00,39.246,26.272,153.972,1728.949,1771.930,1786.031,235.000,0.341,0.409,0.467,0.415,0.418
ZP.BKBA.02,-1.364,31.812,138.838,1643.277,1670.315,1678.722,236.000,0.339,0.360,0.359,0.351,0.349
GE.RUE.,52.476,13.780,151.203,1713.835,1753.650,1766.573,237.000,0.696,0.628,0.611,0.588,0.606
CH.VDL.,46.483,9.450,157.820,1749.552,1797.107,1812.930,238.000,0.567,0.606,0.654,0.659,0.654
XS.S041.01,38.047,23.864,156.177,1740.806,1786.382,1801.460,239.000,0.645,0.581,0.635,0.632,0.615
CZ.PRU.,49.988,14.542,153.152,1724.501,1766.533,1780.279,240.000,0.631,0.703,0.738,0.750,0.741
IU.RCBR.10,-5.827,-35.901,133.208,1609.512,1631.534,1638.246,241.000,0.107,0.142,0.159,0.168,0.154
YL.HASA.01,41.469,33.565,147.990,1695.972,1732.255,1743.891,242.000,0.695,0.721,0.741,0.741,0.738
SK.KOLS.,48.933,22.273,150.884,1712.076,1751.533,1764.325,243.000,0.213,0.101,0.083,0.083,0.086
IU.PAB.00,39.545,-4.350,165.742,1790.476,1848.085,1867.765,244.000,-0.186,-0.246,-0.238,-0.233,-0.235
ZP.MALE.02,1.070,34.167,138.681,1642.348,1669.239,1677.596,245.000,0.278,0.272,0.268,0.268,0.268
GR.WET.,49.145,12.880,154.417,1731.354,1774.854,1789.151,246.000,0.607,0.692,0.721,0.719,0.715
GE.KBS.10,78.915,11.939,126.504,1567.946,1584.689,1589.700,247.000,0.425,0.441,0.428,0.434,0.436
NO.NC204.00,61.276,10.763,143.642,1671.285,1703.010,1713.033,248.000,0.243,0.387,0.446,0.445,0.437
GE.SUW.,54.013,23.181,146.783,1689.180,1724.173,1735.347,249.000,0.701,0.716,0.758,0.763,0.749
RO.VOIR.,45.437,25.049,151.699,1716.559,1756.932,1770.061,250.000,0.106,0.105,0.107,0.104,0.106
II.ABKT.00,37.930,58.119,129.717,1588.039,1607.227,1613.009,251.000,0.765,0.761,0.744,0.760,0.761
7E.PA82.,54.808,24.988,145.489,1681.847,1715.476,1726.166,252.000,0.258,0.275,0.285,0.288,0.284
FR.ANTF.00,43.564,7.123,161.145,1766.973,1818.650,1836.036,253.000,0.217,0.233,0.237,0.239,0.238
ZP.KIBO.02,-3.583,30.713,138.058,1638.658,1664.970,1673.130,254.000,0.447,0.446,0.467,0.480,0.460
KZ.KKAR.,43.103,70.511,120.849,1531.754,1544.643,1548.467,255.000,0.526,0.528,0.546,0.548,0.538
PM.PVAQ.,37.404,-7.717,166.702,1795.304,1854.183,1874.366,256.000,-0.118,0.194,0.191,0.194,0.196
YL.BAGB.01,40.278,36.410,146.264,1686.246,1720.690,1731.668,257.000,0.712,0.681,0.636,0.665,0.676
YL.ALIN.01,41.061,32.879,148.609,1699.443,1736.396,1748.274,258.000,0.254,0.278,0.284,0.276,0.282
IU.SFJD.10,66.996,-50.621,128.602,1581.103,1599.426,1604.932,259.000,0.087,0.206,0.195,0.191,0.198
ZP.HAMA.02,-3.832,32.642,136.527,1629.544,1654.455,1662.142,260.000,0.561,0.552,0.550,0.549,0.547
US.LBNH.,44.240,-71.926,120.386,1528.746,1541.345,1545.081,261.000,0.204,0.317,0.281,0.285,0.308
YL.BOKE.01,40.552,36.211,146.342,1686.688,1721.215,1732.222,262.000,0.663,0.602,0.552,0.568,0.585
XS.S038.01,37.836,24.948,155.474,1737.043,1781.785,1796.550,263.000,0.547,0.525,0.568,0.560,0.549
GE.MTE.,40.400,-7.544,164.104,1782.174,1837.644,1856.487,264.000,-0.039,0.090,0.089,0.093,0.091
GR.GTTG.,51.546,9.964,153.003,1723.690,1765.551,1779.233,265.000,0.153,0.150,0.150,0.137,0.130
7E.PG42.,51.098,18.064,150.997,1712.700,1752.283,1765.122,266.000,0.373,0.330,0.383,0.380,0.368
GR.FUR.,48.164,11.277,155.774,1738.653,1783.750,1798.648,267.000,0.523,0.555,0.604,0.621,0.601
ZP.BEND.02,0.581,31.392,140.465,1652.849,1681.432,1690.367,268.000,0.523,0.507,0.532,0.530,0.520
AF.AAUS.,9.035,38.766,139.396,1646.569,1674.133,1682.719,269.000,0.591,0.525,0.469,0.490,0.491
NL.DBN.,52.102,5.177,153.277,1725.178,1767.354,1781.153,270.000,0.406,0.394,0.422,0.432,0.425
EE.SRPE.,59.463,24.380,142.147,1662.652,1692.877,1702.379,271.000,0.355,0.350,0.348,0.346,0.348
CH.GIMEL.,46.534,6.265,158.525,1753.273,1801.688,1817.836,272.000,0.457,0.437,0.459,0.470,0.461
GE.PUL.,59.767,30.317,139.926,1649.687,1677.754,1686.512,273.000,0.689,0.697,0.702,0.701,0.701
GE.WLF.,49.665,6.153,155.523,1737.303,1782.102,1796.889,274.000,0.644,0.609,0.626,0.636,0.627
HE.SUF.,62.719,26.147,139.049,1644.524,1671.761,1680.236,275.000,0.661,0.702,0.750,0.752,0.733
NO.ARE0.00,69.535,25.506,133.628,1612.062,1634.439,1641.269,276.000,0.550,0.549,0.566,0.566,0.566
KZ.ZRNK.,52.951,69.004,122.558,1542.799,1556.792,1560.952,277.000,0.597,0.627,0.584,0.602,0.614
GR.GRB1.,49.390,11.651,154.563,1732.142,1775.813,1790.175,278.000,0.682,0.741,0.747,0.740,0.746
GE.MORC.,49.777,17.543,152.261,1719.638,1760.648,1774.015,279.000,0.643,0.632,0.648,0.627,0.637
CH.SULZ.,47.528,8.112,157.190,1746.206,1792.997,1808.532,280.000,0.612,0.620,0.663,0.678,0.662
ZF.LALE.,12.026,39.037,140.549,1653.342,1682.006,1690.969,281.000,0.361,0.252,0.253,0.246,0.247
FR.ARBF.00,43.492,5.332,161.630,1769.479,1821.771,1839.391,282.000,0.675,0.670,0.697,0.715,0.705
IU.GRFO.,49.691,11.220,154.410,1731.313,1774.805,1789.099,283.000,0.645,0.773,0.780,0.768,0.778
ZF.KOBE.,12.151,39.630,140.083,1650.606,1678.823,1687.633,284.000,0.453,0.431,0.414,0.424,0.423
CZ.OKC.,49.835,18.140,151.983,1718.119,1758.814,1772.064,285.000,0.676,0.722,0.742,0.739,0.740
G.ECH.10,48.216,7.159,156.739,1743.809,1790.058,1805.390,286.000,0.541,0.544,0.552,0.551,0.549
CH.FUORN.,46.620,10.264,157.462,1747.655,1794.776,1810.435,287.000,0.272,0.302,0.331,0.344,0.332
NL.HGN.01,50.764,5.932,154.487,1731.730,1775.313,1789.640,288.000,0.550,0.556,0.549,0.547,0.550
GE.SIVA.,35.018,24.810,156.516,1742.621,1788.603,1803.834,289.000,0.375,0.368,0.409,0.407,0.392
IU.LSZ.00,-15.278,28.188,130.531,1593.079,1612.910,1618.899,290.000,0.368,0.368,0.362,0.365,0.361
CZ.JAVC.,48.859,17.671,152.944,1723.364,1765.156,1778.812,291.000,0.606,0.654,0.668,0.667,0.664
IU.KONO.00,59.649,9.598,145.364,1681.139,1714.637,1725.281,292.000,0.402,0.410,0.439,0.439,0.430
IS.MMLI.,32.438,35.422,148.230,1697.321,1733.863,1745.592,293.000,0.735,0.749,0.759,0.772,0.768
YL.CUKU.01,40.604,33.441,148.348,1697.983,1734.654,1746.429,294.000,0.357,0.338,0.326,0.332,0.335
YL.KGAC.01,40.941,34.323,147.610,1693.841,1729.717,1741.206,295.000,0.692,0.683,0.634,0.651,0.668
NE.FFD.,43.470,-71.654,120.478,1529.345,1542.001,1545.754,296.000,0.210,0.241,0.271,0.276,0.257
GR.GEC2.,48.844,13.701,154.416,1731.345,1774.844,1789.140,297.000,0.553,0.624,0.643,0.655,0.650
7E.ZVI.,49.439,14.193,153.740,1727.690,1770.401,1784.401,298.000,0.529,0.637,0.683,0.690,0.680
NO.NB201.00,61.049,11.294,143.781,1672.088,1703.954,1714.027,299.000,0.495,0.461,0.447,0.463,0.449
ZP.GEIT.02,-2.881,32.217,137.496,1635.320,1661.114,1669.099,300.000,0.286,0.280,0.287,0.293,0.291
ZS.MOSH.00,-3.305,37.329,133.443,1610.940,1633.161,1639.938,301.000,0.142,0.238,0.221,0.215,0.219
RO.BURAR.,47.644,25.200,150.285,1708.765,1747.556,1760.103,302.000,0.554,0.561,0.529,0.535,0.540
CH.SLE.,47.764,8.492,156.879,1744.553,1790.969,1806.364,303.000,0.646,0.663,0.692,0.706,0.694
GE.VSU.,58.462,26.735,142.139,1662.605,1692.822,1702.321,304.000,0.757,0.755,0.765,0.762,0.761
GE.SFJD.10,66.996,-50.621,128.602,1581.103,1599.426,1604.932,305.000,0.087,0.206,0.195,0.191,0.198
HE.RAF.,61.022,21.765,141.628,1659.637,1689.351,1698.676,306.000,0.644,0.639,0.684,0.669,0.670
XS.S022.01,38.174,23.370,156.477,1742.411,1788.346,1803.559,307.000,0.561,0.507,0.548,0.539,0.529
HU.PSZ.,47.918,19.894,152.710,1722.093,1763.617,1777.173,308.000,0.686,0.684,0.694,0.682,0.684
YL.KARG.01,40.291,33.552,148.361,1698.053,1734.736,1746.516,309.000,0.458,0.430,0.459,0.456,0.449
ZP.MKRE.02,-4.282,30.424,137.750,1636.831,1662.859,1670.923,310.000,0.452,0.462,0.465,0.472,0.469
YL.KAVA.01,40.280,32.878,148.855,1700.815,1738.035,1750.009,311.000,0.531,0.554,0.594,0.581,0.573
CH.DAVOX.,46.780,9.880,157.428,1747.474,1794.554,1810.198,312.000,0.427,0.430,0.470,0.477,0.466
GE.KERA.,35.369,23.558,157.386,1747.247,1794.274,1809.899,313.000,0.542,0.512,0.542,0.540,0.533
ZP.KGMA.02,-4.878,29.633,137.845,1637.396,1663.511,1671.605,314.000,0.386,0.318,0.342,0.357,0.335
CZ.VRAC.,49.308,16.593,153.001,1723.676,1765.533,1779.214,315.000,0.716,0.791,0.802,0.803,0.803
PM.MTE.,40.400,-7.544,164.104,1782.174,1837.644,1856.487,316.000,-0.039,0.090,0.089,0.093,0.091
DK.ISOG.,65.548,-38.975,133.304,1610.094,1632.197,1638.935,317.000,0.116,-0.047,0.026,0.041,0.002
FN.MSF.,65.911,29.040,135.771,1625.012,1649.246,1656.704,318.000,0.494,0.474,0.531,0.538,0.513
KZ.BRVK.,53.058,70.283,121.790,1537.850,1551.341,1555.347,319.000,0.575,0.575,0.594,0.587,0.579
FN.SGF.,67.442,26.526,135.154,1621.300,1644.991,1652.265,320.000,0.585,0.576,0.597,0.592,0.586
GR.GRC3.,48.889,11.584,155.033,1734.673,1778.895,1793.464,321.000,0.602,0.623,0.636,0.633,0.627
GR.BUG.,51.441,7.271,153.624,1727.060,1769.636,1783.586,322.000,0.522,0.582,0.601,0.611,0.606
IS.KSDI.,33.192,35.659,147.986,1695.954,1732.234,1743.868,323.000,0.566,0.531,0.556,0.558,0.550
IU.HRV.,42.506,-71.558,120.413,1528.919,1541.534,1545.275,324.000,0.407,0.476,0.451,0.471,0.475
ZF.KORE.,10.427,39.934,139.044,1644.493,1671.725,1680.198,325.000,0.357,0.409,0.426,0.433,0.426
NO.NAO01.00,60.844,10.887,144.037,1673.554,1705.681,1715.844,326.000,0.391,0.419,0.437,0.444,0.436
GR.CLZ.,51.843,10.374,152.636,1721.686,1763.124,1776.649,327.000,0.675,0.661,0.666,0.670,0.669
G.FDF.00,14.735,-61.146,122.314,1541.229,1555.061,1559.173,328.000,0.410,0.541,0.493,0.513,0.535
G.ECH.00,48.216,7.159,156.739,1743.809,1790.058,1805.390,329.000,0.540,0.543,0.552,0.551,0.549
ZF.WLDE.,11.824,39.587,139.977,1649.989,1678.105,1686.880,330.000,0.471,0.445,0.399,0.428,0.424
GR.GRA3.,49.761,11.317,154.320,1730.828,1774.215,1788.469,331.000,0.658,0.781,0.782,0.774,0.786
G.MBO.00,14.392,-16.955,160.714,1764.733,1815.867,1833.046,332.000,0.187,0.125,0.146,0.152,0.142
SX.FBE.,50.921,13.354,152.706,1722.068,1763.587,1777.142,333.000,0.619,0.644,0.652,0.643,0.647
XS.S031.01,38.426,23.899,155.994,1739.831,1785.190,1800.187,334.000,0.600,0.576,0.638,0.623,0.612
US.PKME.,45.264,-69.292,122.358,1541.515,1555.376,1559.496,335.000,0.279,0.385,0.319,0.342,0.367
SK.MODS.,48.373,17.277,153.488,1726.322,1768.740,1782.631,336.000,0.011,0.018,0.019,0.019,0.019
XS.S030.01,38.395,24.145,155.832,1738.963,1784.128,1799.053,337.000,0.444,0.424,0.465,0.455,0.447
ZP.BIHA.02,-2.638,31.316,138.308,1640.142,1666.686,1674.925,338.000,0.337,0.344,0.350,0.352,0.346
GE.KSDI.,33.192,35.659,147.986,1695.954,1732.234,1743.868,339.000,0.566,0.531,0.556,0.558,0.550
NL.WIT.,52.813,6.669,152.388,1720.332,1761.488,1774.907,340.000,0.469,0.465,0.466,0.467,0.464
GE.KBS.00,78.915,11.939,126.504,1567.946,1584.689,1589.700,341.000,0.436,0.449,0.434,0.441,0.443
IU.TSUM.10,-19.202,17.584,131.858,1601.254,1622.156,1628.495,342.000,0.608,0.577,0.576,0.580,0.582
XS.S020.01,38.318,22.910,156.741,1743.818,1790.069,1805.401,343.000,0.664,0.655,0.679,0.677,0.674
CH.BRANT.,46.938,6.473,158.097,1751.014,1798.905,1814.855,344.000,0.626,0.635,0.658,0.662,0.657
YL.ARSL.01,40.955,35.887,146.473,1687.429,1722.094,1733.151,345.000,0.735,0.699,0.662,0.680,0.693
ZF.WUCE.,11.512,39.606,139.822,1649.078,1677.047,1685.771,346.000,0.398,0.301,0.243,0.272,0.272
CU.BBGH.,13.143,-59.559,123.153,1546.623,1561.012,1565.294,347.000,0.410,0.439,0.471,0.444,0.441
GE.SLIT.,57.629,22.291,144.268,1674.878,1707.241,1717.487,348.000,0.618,0.650,0.681,0.692,0.680
ES.ESBB.,39.674,-3.963,165.690,1790.213,1847.753,1867.406,349.000,-0.080,0.045,0.053,0.045,0.048
7E.PB47.,52.144,17.008,150.504,1709.976,1749.010,1761.646,350.000,0.107,0.139,0.173,0.179,0.168
PR.STVI.,18.352,-64.956,120.156,1527.248,1539.704,1543.396,351.000,0.349,0.141,0.121,0.125,0.135
ZP.SULU.02,-4.573,30.087,137.766,1636.924,1662.967,1671.036,352.000,0.475,0.430,0.449,0.460,0.443
XS.S040.01,37.722,24.009,156.203,1740.945,1786.551,1801.641,353.000,0.664,0.604,0.618,0.623,0.618
CN.DRLN.,49.256,-57.503,130.311,1591.722,1611.378,1617.311,354.000,0.421,0.524,0.516,0.521,0.522
CZ.KHC.,49.131,13.578,154.208,1730.222,1773.478,1787.682,355.000,0.496,0.557,0.593,0.606,0.591
XS.S034.01,38.881,23.050,156.392,1741.955,1787.787,1802.962,356.000,0.537,0.520,0.548,0.545,0.543
GE.KMBO.10,-1.127,37.252,134.902,1619.780,1643.251,1650.450,357.000,0.415,0.413,0.434,0.432,0.427
ZE.FINE.,12.068,40.316,139.442,1646.841,1674.448,1683.049,358.000,0.491,0.371,0.351,0.362,0.362
GE.CSS.,34.961,33.331,149.712,1705.590,1743.748,1756.064,359.000,0.562,0.564,0.568,0.576,0.573
YL.GOCE.01,39.743,34.348,147.928,1695.625,1731.842,1743.454,360.000,0.559,0.552,0.574,0.572,0.567
GR.GRC4.,49.086,11.525,154.873,1733.813,1777.847,1792.346,361.000,0.613,0.660,0.692,0.700,0.690
HE.HEF.,68.406,23.664,134.935,1619.980,1643.480,1650.688,362.000,0.597,0.540,0.555,0.559,0.552
XK.LP21.00,66.041,25.030,136.642,1630.233,1655.248,1662.970,363.000,0.261,0.296,0.314,0.307,0.308
RO.IAS.,47.193,27.553,149.275,1703.155,1740.833,1752.973,364.000,0.785,0.785,0.782,0.791,0.790
AF.MZM.,-11.434,34.035,130.054,1590.128,1609.580,1615.447,365.000,0.483,0.492,0.503,0.506,0.501
GE.RGN.,54.548,13.321,149.457,1704.171,1742.048,1754.261,366.000,0.618,0.632,0.620,0.610,0.614
CN.SCHQ.,54.832,-66.833,124.126,1552.850,1567.901,1572.387,367.000,,,,,
GE.HLG.,54.183,7.883,150.882,1712.062,1751.517,1764.308,368.000,0.607,0.592,0.569,0.554,0.568
CZ.KRUC.,49.062,16.395,153.277,1725.177,1767.353,1781.152,369.000,0.666,0.736,0.751,0.744,0.743
IU.KIEV.00,50.701,29.224,146.335,1686.643,1721.162,1732.167,370.000,0.543,0.546,0.588,0.588,0.571
YL.KIYI.01,40.131,35.316,147.110,1691.024,1726.365,1737.663,371.000,0.667,0.673,0.664,0.682,0.682
IU.KBL.,34.541,69.043,120.528,1529.670,1542.357,1546.120,372.000,0.597,0.626,0.596,0.626,0.629
ZF.ADYE.,13.635,38.981,141.283,1657.628,1687.004,1696.212,373.000,0.430,0.344,0.340,0.345,0.346
1M.P07.00,51.496,-9.376,153.290,1725.248,1767.439,1781.244,374.000,0.072,0.084,0.082,0.079,0.081
GE.SFS.,36.466,-6.206,168.105,1802.305,1863.057,1883.992,375.000,0.340,0.381,0.362,0.339,0.365
AF.ZOMB.,-15.383,35.350,126.236,1566.253,1582.799,1587.750,376.000,0.423,0.385,0.389,0.388,0.388
GT.LBTB.00,-25.015,25.597,123.457,1548.571,1563.165,1567.510,377.000,0.387,0.483,0.483,0.470,0.478
