evtid,evla,evlo,evdp,station,stla,stlo,gcarc,s2ks,s3ks,s4ks,tridx,snr,ccf1,ccf2,ccf3,ccf4,ccf5,t32_cc,t32_pp,ccf_cc,ccf_pp,t32_fw1,ccf_fw1,ccf_sg1,t32_fw2,ccf_fw2,ccf_sg2,t32_fw3,ccf_fw3,ccf_sg3,t32_fw4,ccf_fw4,ccf_sg4,t32_fw5,ccf_fw5,ccf_sg5
20050321_1223,-24.880,-63.540,572.300,PS.PATS.,6.837,158.315,136.136,1616.569,1641.318,1648.957,0.000,3.218,0.342,0.431,0.406,0.409,0.431,4.900,-0.400,0.522,0.488,4.900,0.351,0.351,4.300,0.429,0.351,3.800,0.442,0.351,3.800,0.442,0.351,4.200,0.432,0.351
20050321_1223,-24.880,-63.540,572.300,N.KZSF.,34.206,139.148,158.237,1740.991,1789.288,1805.406,1.000,1.460,0.499,0.417,0.398,0.405,0.410,0.300,1.000,0.866,0.825,0.500,0.773,0.773,0.000,0.843,0.773,-0.200,0.845,0.773,-0.200,0.838,0.773,-0.100,0.836,0.773
20050321_1223,-24.880,-63.540,572.300,N.KSNF.,38.976,141.530,154.615,1721.676,1765.636,1780.119,2.000,4.523,0.458,0.448,0.485,0.476,0.474,1.100,1.100,0.890,0.806,0.900,0.889,0.889,0.900,0.926,0.889,0.500,0.944,0.889,0.500,0.944,0.889,0.500,0.945,0.889
20050321_1223,-24.880,-63.540,572.300,PS.TSK.,36.211,140.110,156.785,1733.301,1779.838,1795.291,3.000,2.642,0.445,0.365,0.372,0.372,0.374,0.700,-2.600,0.325,-0.008,-10.000,0.317,0.317,-0.100,0.332,0.317,-0.100,0.352,0.317,-0.100,0.348,0.317,-0.100,0.346,0.317
20050321_1223,-24.880,-63.540,572.300,N.SBRF.,33.505,130.253,165.212,1777.001,1834.157,1853.676,4.000,4.612,0.432,0.452,0.456,0.464,0.459,0.700,-4.400,0.437,-0.787,-8.900,0.623,0.623,-0.400,0.863,0.623,-0.500,0.850,0.623,-0.400,0.846,0.623,-0.500,0.844,0.623
20050321_1223,-24.880,-63.540,572.300,N.KZKF.,37.298,138.514,157.488,1737.033,1784.418,1800.191,5.000,12.501,0.550,0.566,0.569,0.566,0.569,6.900,3.000,0.548,-0.851,-6.200,0.372,0.372,6.600,0.615,0.372,6.400,0.585,0.372,6.300,0.580,0.372,6.400,0.584,0.372
20050321_1223,-24.880,-63.540,572.300,KN.CHM.,42.999,74.751,141.467,1648.033,1677.791,1687.140,6.000,6.720,0.570,0.558,0.519,0.538,0.545,-1.000,-0.800,0.875,0.900,-1.500,0.734,0.734,-1.200,0.878,0.734,-1.900,0.896,0.734,-1.700,0.891,0.734,-1.500,0.885,0.734
20050321_1223,-24.880,-63.540,572.300,KZ.ZRNK.,52.951,69.004,134.859,1608.897,1632.516,1639.771,7.000,5.212,0.683,0.780,0.775,0.784,0.779,-1.100,-1.400,0.875,0.857,-0.600,0.819,0.819,-0.500,0.850,0.819,-1.000,0.873,0.819,-0.800,0.868,0.819,-0.700,0.857,0.819
20050321_1223,-24.880,-63.540,572.300,XF.H1630.01,34.065,84.227,150.617,1699.883,1739.264,1752.040,8.000,5.956,0.623,0.522,0.504,0.506,0.517,0.500,0.900,0.593,0.559,0.000,0.722,0.722,0.600,0.591,0.722,0.200,0.539,0.722,0.300,0.560,0.722,0.500,0.581,0.722
20050321_1223,-24.880,-63.540,572.300,N.NSKF.,34.340,132.002,163.538,1768.497,1823.476,1842.146,9.000,4.703,0.497,0.544,0.574,0.569,0.557,1.800,1.800,0.954,0.932,2.200,0.858,0.858,1.900,0.947,0.858,1.700,0.938,0.858,1.600,0.935,0.858,1.700,0.941,0.858
20050321_1223,-24.880,-63.540,572.300,N.MMAF.,41.162,140.411,154.301,1719.985,1763.578,1777.923,10.000,2.588,0.399,0.449,0.522,0.515,0.516,1.600,1.800,0.843,0.872,1.300,0.661,0.661,1.800,0.715,0.661,1.300,0.657,0.661,1.200,0.656,0.661,1.200,0.668,0.661
20050321_1223,-24.880,-63.540,572.300,N.SBTF.,37.968,139.450,156.523,1731.901,1778.122,1793.456,11.000,2.250,0.287,0.369,0.355,0.369,0.364,-1.300,-1.000,0.814,0.771,-1.100,0.580,0.580,-2.000,0.546,0.580,-2.200,0.586,0.580,-2.100,0.585,0.580,-2.100,0.577,0.580
20050321_1223,-24.880,-63.540,572.300,N.NKGF.,44.802,142.085,151.264,1703.449,1743.555,1756.599,12.000,3.256,0.428,0.475,0.541,0.545,0.537,1.300,1.600,0.969,0.963,1.200,0.806,0.806,1.300,0.750,0.806,0.800,0.742,0.806,0.700,0.751,0.806,0.700,0.755,0.806
20050321_1223,-24.880,-63.540,572.300,7I.TL09.,-25.682,134.765,126.432,1556.923,1573.775,1578.824,13.000,0.741,0.026,0.034,0.036,0.039,0.038,-3.000,0.300,0.382,-0.507,-3.800,0.805,0.805,-3.400,0.833,0.805,-3.400,0.831,0.805,-3.500,0.816,0.805,-3.600,0.818,0.805
20050321_1223,-24.880,-63.540,572.300,TW.MATB.,26.152,119.946,176.607,1832.562,1905.432,1931.354,14.000,0.000,,,,,,-16.000,-8.000,0.000,0.000,-16.000,0.000,0.000,-16.000,0.000,0.000,-16.000,0.000,0.000,-16.000,0.000,0.000,-16.000,0.000,0.000
20050321_1223,-24.880,-63.540,572.300,XG.BAKOU.02,40.465,115.402,164.390,1772.834,1828.917,1848.016,15.000,2.124,0.205,0.287,0.270,0.260,0.265,-0.700,-1.700,0.702,0.553,-1.000,0.594,0.594,-1.200,0.584,0.594,-1.500,0.553,0.594,-1.800,0.522,0.594,-1.600,0.529,0.594
20050321_1223,-24.880,-63.540,572.300,TW.YHNB.,24.670,121.376,175.532,1827.491,1898.811,1924.091,16.000,3.453,0.333,0.534,0.514,0.519,0.526,-0.600,-0.800,0.856,0.883,-0.100,0.566,0.566,0.100,0.835,0.566,0.000,0.871,0.566,0.000,0.866,0.566,0.100,0.840,0.566
20050321_1223,-24.880,-63.540,572.300,N.ABUF.,34.863,135.571,160.706,1753.914,1805.276,1822.557,17.000,4.253,0.615,0.581,0.622,0.622,0.613,1.600,1.500,0.852,0.924,0.800,0.908,0.908,1.500,0.547,0.908,0.700,0.688,0.908,0.600,0.699,0.908,0.800,0.668,0.908
20050321_1223,-24.880,-63.540,572.300,IU.MIDW.00,28.215,-177.370,121.459,1525.169,1538.591,1542.580,18.000,1.456,0.325,0.421,0.420,0.425,0.422,-2.300,-2.400,0.411,0.254,1.900,0.520,0.520,-1.500,0.538,0.520,-0.100,0.561,0.520,-0.100,0.561,0.520,-0.100,0.540,0.520
20050321_1223,-24.880,-63.540,572.300,XF.H1430.01,32.382,84.131,150.772,1700.739,1740.294,1753.133,19.000,3.691,0.430,0.507,0.521,0.522,0.512,-3.100,-3.600,0.549,0.590,7.800,0.514,0.514,8.400,0.447,0.514,8.100,0.439,0.514,8.200,0.432,0.514,8.400,0.441,0.514
20050321_1223,-24.880,-63.540,572.300,TW.TWGB.,22.818,121.080,175.299,1826.386,1897.371,1922.512,20.000,1.330,-0.047,-0.033,-0.019,-0.015,-0.030,-0.100,-2.600,0.672,0.425,-2.000,0.737,0.737,-0.700,0.468,0.737,-0.500,0.461,0.737,-0.500,0.460,0.737,-0.600,0.467,0.737
20050321_1223,-24.880,-63.540,572.300,IU.DAV.00,7.070,125.579,160.169,1751.120,1801.808,1818.832,21.000,0.347,0.007,0.024,0.025,0.024,0.025,-8.000,-4.300,0.159,0.911,-7.500,0.348,0.348,-8.200,0.353,0.348,-8.300,0.335,0.348,-8.500,0.310,0.348,-8.500,0.308,0.348
20050321_1223,-24.880,-63.540,572.300,XF.H0810.01,29.467,85.232,151.928,1707.092,1747.948,1761.270,22.000,7.309,0.379,0.511,0.493,0.506,0.515,-0.600,-0.500,0.899,0.931,5.200,0.577,0.577,6.200,0.449,0.577,6.000,0.526,0.577,6.100,0.506,0.577,6.300,0.464,0.577
20050321_1223,-24.880,-63.540,572.300,KN.KBK.,42.656,74.948,141.690,1649.333,1679.312,1688.737,23.000,5.493,0.629,0.619,0.588,0.595,0.608,-0.800,-0.800,0.914,0.954,-1.300,0.769,0.769,-1.300,0.863,0.769,-1.800,0.872,0.769,-1.700,0.882,0.769,-1.500,0.874,0.769
20050321_1223,-24.880,-63.540,572.300,N.AMMF.,28.157,129.300,168.060,1791.267,1852.203,1873.231,24.000,5.468,0.592,0.511,0.561,0.552,0.531,0.200,0.300,0.987,0.986,0.200,0.856,0.856,6.900,0.441,0.856,6.600,0.583,0.856,6.800,0.577,0.856,6.900,0.519,0.856
20050321_1223,-24.880,-63.540,572.300,XF.H1190.01,30.649,85.138,151.786,1706.311,1747.006,1760.267,25.000,0.351,0.003,0.012,0.012,0.012,0.012,-0.100,-4.200,0.932,0.966,-13.200,0.265,0.265,-13.000,0.330,0.265,10.800,0.283,0.265,10.800,0.270,0.265,-13.000,0.308,0.265
20050321_1223,-24.880,-63.540,572.300,N.INNF.,33.470,131.306,164.476,1773.272,1829.468,1848.610,26.000,4.989,0.096,0.371,0.409,0.409,0.401,1.400,2.100,0.901,0.871,2.800,0.670,0.670,1.200,0.766,0.670,1.000,0.821,0.670,1.000,0.830,0.670,1.000,0.818,0.670
20050321_1223,-24.880,-63.540,572.300,XF.H1580.01,33.533,84.291,150.754,1700.637,1740.171,1753.003,27.000,3.645,0.654,0.616,0.581,0.598,0.611,0.200,4.400,0.765,-0.628,-0.200,0.802,0.802,0.000,0.811,0.802,-0.400,0.766,0.802,-0.300,0.786,0.802,-0.100,0.804,0.802
20050321_1223,-24.880,-63.540,572.300,XF.H1400.01,32.119,84.694,151.275,1703.508,1743.627,1756.675,28.000,4.698,0.391,0.467,0.444,0.455,0.451,-1.300,-1.100,0.574,0.648,5.000,0.582,0.582,5.400,0.392,0.582,4.900,0.309,0.582,5.000,0.317,0.582,5.200,0.365,0.582
20050321_1223,-24.880,-63.540,572.300,IC.ENH.00,30.276,109.495,171.804,1809.629,1875.684,1898.799,29.000,5.647,0.482,0.285,0.255,0.261,0.262,-1.500,-1.200,0.830,0.872,-0.100,0.860,0.860,-0.500,0.563,0.860,-1.000,0.470,0.860,-1.000,0.462,0.860,-0.800,0.502,0.860
20050321_1223,-24.880,-63.540,572.300,II.TLY.00,51.681,103.644,151.470,1704.578,1744.916,1758.045,30.000,7.321,0.646,0.602,0.592,0.584,0.595,-0.800,-0.600,0.966,0.979,-0.600,0.482,0.482,-0.600,0.496,0.482,-1.000,0.443,0.482,-1.400,0.432,0.482,-1.100,0.454,0.482
20050321_1223,-24.880,-63.540,572.300,KZ.CHKZ.,53.676,70.615,135.504,1612.782,1636.968,1644.416,31.000,4.159,0.642,0.719,0.711,0.715,0.711,-0.500,-0.500,0.886,0.877,-0.500,0.826,0.826,-0.400,0.833,0.826,-0.900,0.864,0.826,-0.800,0.853,0.826,-0.700,0.841,0.826
20050321_1223,-24.880,-63.540,572.300,7I.GA07.,-31.518,136.513,120.433,1518.526,1531.295,1535.086,32.000,3.558,0.453,0.445,0.434,0.459,0.470,-1.200,-1.700,0.668,0.562,-1.900,0.713,0.713,-1.000,0.836,0.713,-1.100,0.826,0.713,-1.000,0.779,0.713,-1.000,0.789,0.713
20050321_1223,-24.880,-63.540,572.300,IC.BJT.00,40.019,116.172,164.859,1775.214,1831.909,1851.246,33.000,2.414,0.464,0.492,0.482,0.465,0.473,-1.200,3.500,0.909,-0.329,-0.700,0.773,0.773,-0.800,0.838,0.773,-1.000,0.838,0.773,-1.200,0.843,0.773,-1.200,0.839,0.773
20050321_1223,-24.880,-63.540,572.300,N.NRWF.,34.768,133.533,162.233,1761.806,1815.108,1833.130,34.000,4.973,0.426,0.307,0.314,0.314,0.313,0.300,0.200,0.945,0.948,-0.300,0.739,0.739,1.500,0.814,0.739,1.400,0.758,0.739,1.400,0.748,0.739,1.400,0.758,0.739
20050321_1223,-24.880,-63.540,572.300,XF.H0800.01,29.412,85.231,151.929,1707.096,1747.954,1761.276,35.000,4.746,0.390,0.515,0.495,0.505,0.512,-0.700,-0.500,0.892,0.918,5.200,0.684,0.684,6.000,0.504,0.684,5.700,0.575,0.684,5.800,0.557,0.684,5.900,0.526,0.684
20050321_1223,-24.880,-63.540,572.300,IC.MDJ.10,44.618,129.593,157.572,1737.476,1784.963,1800.775,36.000,2.312,0.294,0.315,0.333,0.342,0.341,-5.600,-1.900,0.450,-0.743,2.500,0.468,0.468,1.800,0.686,0.468,1.700,0.709,0.468,1.500,0.714,0.468,1.500,0.714,0.468
20050321_1223,-24.880,-63.540,572.300,TW.TPUB.,23.301,120.630,175.879,1829.132,1900.951,1926.437,37.000,3.894,0.298,0.216,0.206,0.212,0.212,0.200,1.200,0.787,0.677,1.000,0.902,0.902,2.000,0.669,0.902,2.000,0.645,0.902,2.100,0.646,0.902,2.100,0.664,0.902
20050321_1223,-24.880,-63.540,572.300,XF.H1120.01,30.138,85.415,152.057,1707.793,1748.796,1762.171,38.000,8.340,0.417,0.485,0.491,0.492,0.488,-1.000,-0.200,0.910,0.809,5.500,0.443,0.443,7.000,0.370,0.443,6.600,0.561,0.443,6.700,0.519,0.443,7.000,0.419,0.443
20050321_1223,-24.880,-63.540,572.300,XF.H1150.01,30.358,85.313,151.956,1707.243,1748.131,1761.464,39.000,3.248,0.270,0.394,0.424,0.417,0.402,-1.300,0.400,0.632,0.494,4.500,0.449,0.449,-10.000,0.428,0.449,-2.900,0.296,0.449,-10.400,0.332,0.449,-10.100,0.404,0.449
20050321_1223,-24.880,-63.540,572.300,XF.H1230.01,30.932,85.099,151.732,1706.014,1746.648,1759.887,40.000,3.998,0.335,0.508,0.502,0.499,0.510,-1.300,-1.300,0.884,0.890,4.700,0.521,0.521,-1.700,0.578,0.521,-2.400,0.750,0.521,-2.200,0.729,0.521,-1.800,0.637,0.521
20050321_1223,-24.880,-63.540,572.300,N.KGMF.,26.757,128.215,169.257,1797.186,1859.743,1881.426,41.000,5.454,0.432,0.356,0.284,0.325,0.354,-0.100,-0.300,0.716,0.762,-0.300,0.447,0.447,5.100,0.711,0.447,5.000,0.448,0.447,5.000,0.527,0.447,5.100,0.666,0.447
20050321_1223,-24.880,-63.540,572.300,AU.CTA.,-20.088,146.250,126.507,1557.391,1574.298,1579.365,42.000,3.409,0.516,0.553,0.552,0.542,0.537,0.600,1.100,0.829,0.816,0.300,0.724,0.724,0.600,0.734,0.724,0.500,0.733,0.724,0.400,0.731,0.724,0.500,0.734,0.724
20050321_1223,-24.880,-63.540,572.300,N.TMRF.,41.102,141.383,153.705,1716.764,1759.663,1773.746,43.000,4.967,0.528,0.353,0.354,0.354,0.353,1.000,0.800,0.919,0.926,1.100,0.719,0.719,1.000,0.788,0.719,0.600,0.728,0.719,0.400,0.723,0.719,0.500,0.738,0.719
20050321_1223,-24.880,-63.540,572.300,IC.SSE.00,31.095,121.189,172.515,1813.069,1880.116,1903.637,44.000,9.097,0.351,0.440,0.461,0.473,0.473,-0.500,-0.300,0.868,0.854,1.600,0.862,0.862,0.600,0.912,0.862,0.300,0.903,0.862,0.300,0.900,0.862,0.200,0.895,0.862
20050321_1223,-24.880,-63.540,572.300,MY.KUM.,5.290,100.649,155.222,1724.945,1769.619,1784.372,45.000,1.181,0.141,0.186,0.179,0.179,0.183,3.500,3.900,0.466,0.436,3.800,0.902,0.902,4.100,0.891,0.902,4.100,0.902,0.902,4.100,0.915,0.902,4.100,0.901,0.902
20050321_1223,-24.880,-63.540,572.300,IU.MAJO.00,36.546,138.204,158.046,1739.986,1788.051,1804.080,46.000,6.462,0.306,0.399,0.404,0.394,0.395,7.200,2.900,0.672,-0.256,7.600,0.580,0.580,6.900,0.644,0.580,6.600,0.654,0.580,6.600,0.647,0.580,6.700,0.643,0.580
20050321_1223,-24.880,-63.540,572.300,N.WJMF.,37.402,137.026,158.479,1742.269,1790.863,1807.093,47.000,5.004,0.403,0.401,0.407,0.402,0.405,-1.000,-0.800,0.599,0.643,-1.400,0.579,0.579,-1.600,0.629,0.579,-1.900,0.631,0.579,-1.900,0.634,0.579,-1.800,0.644,0.579
20050321_1223,-24.880,-63.540,572.300,G.HYB.,17.417,78.553,143.988,1662.594,1694.880,1705.109,48.000,8.960,0.467,0.460,0.458,0.460,0.460,-1.600,-2.300,0.547,0.363,-1.800,0.443,0.443,-1.700,0.386,0.443,1.600,0.459,0.443,1.600,0.423,0.443,-1.900,0.370,0.443
20050321_1223,-24.880,-63.540,572.300,IC.LSA.00,29.703,91.128,157.027,1734.584,1781.411,1796.974,49.000,6.666,0.576,0.594,0.592,0.595,0.594,0.700,-4.700,0.725,-0.594,1.000,0.864,0.864,1.500,0.858,0.864,1.500,0.837,0.864,1.500,0.839,0.864,1.500,0.852,0.864
20050321_1223,-24.880,-63.540,572.300,II.WRAB.00,-19.934,134.360,131.922,1591.044,1612.176,1618.597,50.000,3.480,0.518,0.521,0.522,0.519,0.520,0.600,1.500,0.772,0.682,0.200,0.708,0.708,0.300,0.733,0.708,0.300,0.732,0.708,0.200,0.730,0.708,0.100,0.732,0.708
20050321_1223,-24.880,-63.540,572.300,XF.H1040.01,29.561,85.740,152.366,1709.486,1750.841,1764.348,51.000,8.152,0.423,0.476,0.411,0.425,0.460,-1.500,-1.500,0.740,0.716,4.400,0.478,0.478,4.700,0.462,0.478,4.100,0.669,0.478,4.200,0.635,0.478,4.600,0.514,0.478
20050321_1223,-24.880,-63.540,572.300,XF.H1160.01,30.434,85.289,151.930,1707.101,1747.960,1761.282,52.000,4.945,0.337,0.461,0.496,0.487,0.471,-0.300,-4.500,0.800,-0.784,4.700,0.455,0.455,-8.600,0.551,0.455,-1.600,0.504,0.455,-9.100,0.436,0.455,-8.800,0.521,0.455
20050321_1223,-24.880,-63.540,572.300,XF.H1020.01,29.413,85.737,152.369,1709.503,1750.862,1764.370,53.000,5.222,0.429,0.515,0.443,0.472,0.507,-1.000,-1.000,0.911,0.898,-9.500,0.490,0.490,-9.400,0.479,0.490,4.700,0.520,0.490,4.800,0.463,0.490,-9.500,0.466,0.490
20050321_1223,-24.880,-63.540,572.300,N.NAAF.,35.224,137.362,159.224,1746.185,1795.697,1812.275,54.000,5.126,0.499,0.599,0.576,0.575,0.582,-0.200,-4.200,0.818,-0.461,-0.200,0.847,0.847,-1.000,0.671,0.847,-1.300,0.722,0.847,-1.300,0.720,0.847,-1.100,0.709,0.847
20050321_1223,-24.880,-63.540,572.300,N.FUKF.,32.718,128.757,166.692,1784.446,1843.555,1863.849,55.000,5.960,0.411,0.359,0.393,0.394,0.398,1.000,1.600,0.812,0.713,2.600,0.852,0.852,8.700,0.454,0.852,8.900,0.484,0.852,8.900,0.482,0.852,9.000,0.473,0.852
20050321_1223,-24.880,-63.540,572.300,N.ADMF.,37.905,138.430,157.263,1735.840,1782.953,1798.623,56.000,3.293,0.540,0.556,0.545,0.539,0.542,6.400,3.000,0.545,-0.798,6.700,0.385,0.385,6.700,0.639,0.385,6.400,0.582,0.385,6.300,0.576,0.385,6.400,0.588,0.385
20050321_1223,-24.880,-63.540,572.300,7I.TL14.,-29.820,141.925,120.092,1516.307,1528.863,1532.589,57.000,3.617,0.505,0.466,0.462,0.460,0.459,-1.400,-0.400,0.631,0.583,-0.600,0.666,0.666,-0.100,0.693,0.666,-0.100,0.685,0.666,-0.100,0.638,0.666,-0.100,0.645,0.666
20050321_1223,-24.880,-63.540,572.300,XG.YFANG.02,40.754,115.319,164.097,1771.344,1827.048,1845.998,58.000,3.726,0.205,0.231,0.225,0.220,0.223,6.100,4.800,0.382,0.426,7.700,0.242,0.242,6.900,0.218,0.242,6.000,0.207,0.242,5.200,0.211,0.242,5.600,0.207,0.242
20050321_1223,-24.880,-63.540,572.300,N.TGWF.,33.973,132.932,163.049,1765.995,1820.344,1838.770,59.000,3.698,0.319,0.301,0.311,0.291,0.299,0.700,1.400,0.805,0.717,1.500,0.802,0.802,1.200,0.894,0.802,0.800,0.925,0.802,0.800,0.929,0.802,0.800,0.927,0.802
20050321_1223,-24.880,-63.540,572.300,XF.H1050.01,29.639,85.725,152.350,1709.395,1750.732,1764.232,60.000,9.435,0.389,0.464,0.383,0.412,0.455,-1.700,-1.300,0.831,0.798,4.700,0.474,0.474,5.000,0.480,0.474,4.200,0.770,0.474,4.500,0.702,0.474,5.000,0.536,0.474
20050321_1223,-24.880,-63.540,572.300,TW.TWKB.,21.941,120.812,175.042,1825.166,1895.784,1920.774,61.000,1.874,0.220,0.212,0.204,0.204,0.203,-0.500,-1.200,0.726,0.686,-1.500,0.797,0.797,0.000,0.895,0.797,-0.100,0.912,0.797,-0.100,0.911,0.797,0.000,0.898,0.797
20050321_1223,-24.880,-63.540,572.300,XF.H1280.01,31.302,85.130,151.727,1705.987,1746.615,1759.851,62.000,4.059,0.420,0.560,0.539,0.549,0.563,-1.100,-1.200,0.795,0.780,-10.100,0.359,0.359,-9.900,0.389,0.359,-2.200,0.440,0.359,-2.100,0.407,0.359,8.200,0.373,0.359
20050321_1223,-24.880,-63.540,572.300,N.IMGF.,42.393,140.141,153.797,1717.261,1760.266,1774.389,63.000,2.050,0.264,0.256,0.281,0.276,0.277,0.300,1.300,0.753,0.596,0.900,0.383,0.383,1.100,0.558,0.383,0.700,0.507,0.383,0.500,0.485,0.383,0.500,0.493,0.383
20050321_1223,-24.880,-63.540,572.300,XF.H1560.01,33.307,84.246,150.750,1700.615,1740.145,1752.975,64.000,5.012,0.606,0.582,0.554,0.567,0.579,0.500,0.800,0.532,0.494,0.100,0.768,0.768,0.500,0.668,0.768,0.100,0.620,0.768,0.200,0.637,0.768,0.400,0.659,0.768
20050321_1223,-24.880,-63.540,572.300,N.WTRF.,34.374,136.575,160.158,1751.065,1801.738,1818.758,65.000,4.962,0.689,0.635,0.684,0.676,0.670,1.300,1.400,0.913,0.899,0.600,0.887,0.887,1.200,0.714,0.887,0.400,0.679,0.887,0.400,0.678,0.887,0.600,0.681,0.887
20050321_1223,-24.880,-63.540,572.300,XF.H1360.01,31.862,84.954,151.522,1704.863,1745.259,1758.410,66.000,4.675,0.423,0.573,0.573,0.589,0.581,-0.100,-0.200,0.841,0.846,6.500,0.454,0.454,9.200,0.336,0.454,-1.100,0.371,0.454,-0.800,0.364,0.454,-0.400,0.329,0.454
20050321_1223,-24.880,-63.540,572.300,N.NOPF.,44.322,142.938,151.033,1702.175,1742.022,1754.969,67.000,2.865,0.501,0.408,0.465,0.466,0.465,1.100,1.200,0.907,0.877,0.700,0.827,0.827,1.200,0.757,0.827,0.600,0.749,0.827,0.500,0.761,0.827,0.500,0.764,0.827
20050321_1223,-24.880,-63.540,572.300,IC.KMI.10,25.148,102.747,167.576,1788.862,1849.149,1869.916,68.000,5.889,0.243,0.078,0.118,0.112,0.078,-2.200,-2.100,0.819,0.779,-2.100,0.865,0.865,-1.900,0.616,0.865,-0.900,0.546,0.865,-1.000,0.573,0.865,-1.700,0.613,0.865
20050321_1223,-24.880,-63.540,572.300,PS.PSI.,2.694,98.924,152.110,1708.085,1749.148,1762.546,69.000,1.036,0.004,0.048,0.061,0.080,0.064,2.100,2.300,0.780,0.777,7.400,0.686,0.686,7.700,0.628,0.686,7.600,0.679,0.686,7.500,0.735,0.686,7.600,0.676,0.686
20050321_1223,-24.880,-63.540,572.300,IU.YSS.00,46.959,142.760,149.607,1694.290,1732.551,1744.916,70.000,3.649,0.488,0.514,0.540,0.561,0.552,2.100,2.400,0.933,0.942,1.700,0.910,0.910,2.200,0.909,0.910,1.900,0.925,0.910,1.700,0.933,0.910,1.700,0.931,0.910
20050321_1223,-24.880,-63.540,572.300,IU.GUMO.00,13.589,144.868,150.981,1701.890,1741.678,1754.604,71.000,2.603,0.414,0.342,0.388,0.392,0.346,1.900,2.600,0.875,0.870,1.200,0.739,0.739,1.500,0.537,0.739,7.500,0.566,0.739,7.500,0.538,0.739,1.400,0.526,0.739
20050321_1223,-24.880,-63.540,572.300,XF.H1422.01,32.064,83.899,150.611,1699.851,1739.226,1751.999,72.000,4.340,0.527,0.599,0.580,0.590,0.596,-2.800,-3.400,0.687,0.643,5.100,0.339,0.339,-3.800,0.476,0.339,-4.300,0.557,0.339,-4.100,0.534,0.339,-3.900,0.497,0.339
20050321_1223,-24.880,-63.540,572.300,N.KYKF.,30.378,130.410,166.487,1783.420,1842.257,1862.442,73.000,5.027,0.479,0.598,0.593,0.592,0.599,0.900,1.100,0.860,0.829,2.200,0.843,0.843,0.500,0.694,0.843,0.300,0.702,0.843,0.300,0.706,0.843,0.400,0.705,0.843
20050321_1223,-24.880,-63.540,572.300,7I.TL12.,-27.634,135.597,124.343,1543.686,1559.042,1563.626,74.000,3.620,0.384,0.510,0.509,0.505,0.506,0.600,0.700,0.918,0.933,0.200,0.944,0.944,0.100,0.932,0.944,0.100,0.930,0.944,0.000,0.907,0.944,-0.100,0.908,0.944
20050321_1223,-24.880,-63.540,572.300,XF.H1460.01,32.598,84.224,150.824,1701.026,1740.639,1753.500,75.000,2.726,0.399,0.443,0.446,0.446,0.444,0.000,0.000,0.594,0.577,6.600,0.584,0.584,0.000,0.507,0.584,6.900,0.506,0.584,7.000,0.497,0.584,7.200,0.502,0.584
20050321_1223,-24.880,-63.540,572.300,N.YNGF.,24.455,123.007,174.036,1820.375,1889.561,1913.961,76.000,4.004,0.397,0.502,0.505,0.512,0.500,-0.200,-0.100,0.500,0.506,0.400,0.360,0.360,-0.400,0.697,0.360,-0.700,0.696,0.360,-0.700,0.713,0.360,-0.400,0.701,0.360
20050321_1223,-24.880,-63.540,572.300,KN.ULHL.,42.246,76.242,142.717,1655.282,1686.280,1696.059,77.000,4.546,0.627,0.659,0.609,0.621,0.641,-1.100,-0.800,0.967,0.956,-0.900,0.877,0.877,-1.100,0.833,0.877,-1.800,0.825,0.877,-1.700,0.824,0.877,-1.400,0.830,0.877
20050321_1223,-24.880,-63.540,572.300,TW.KMNB.,24.464,118.388,178.199,1840.000,1915.193,1942.079,78.000,10.681,0.313,0.195,0.225,0.223,0.198,-0.300,-0.200,0.967,0.954,0.600,0.696,0.696,1.100,0.811,0.696,0.800,0.816,0.696,0.800,0.820,0.696,1.200,0.807,0.696
20050321_1223,-24.880,-63.540,572.300,N.KNPF.,43.763,143.708,150.865,1701.252,1740.911,1753.789,79.000,3.850,0.449,0.409,0.461,0.451,0.453,0.800,1.300,0.852,0.749,0.500,0.712,0.712,1.400,0.781,0.712,0.900,0.727,0.712,0.800,0.731,0.712,0.700,0.734,0.712
20050321_1223,-24.880,-63.540,572.300,II.WRAB.10,-19.934,134.360,131.922,1591.044,1612.176,1618.597,80.000,3.837,0.523,0.539,0.540,0.538,0.539,0.600,1.600,0.789,0.698,0.200,0.684,0.684,0.300,0.713,0.684,0.400,0.712,0.684,0.200,0.711,0.684,0.200,0.714,0.684
20050321_1223,-24.880,-63.540,572.300,XF.H1470.01,32.667,84.216,150.809,1700.944,1740.540,1753.395,81.000,2.044,0.392,0.435,0.411,0.423,0.432,-0.800,3.400,0.785,-0.860,5.900,0.734,0.734,-1.100,0.682,0.734,6.200,0.635,0.734,-1.500,0.657,0.734,-1.200,0.675,0.734
20050321_1223,-24.880,-63.540,572.300,IU.MA2.00,59.576,150.770,137.924,1627.218,1653.601,1661.792,82.000,1.037,0.401,0.286,0.291,0.294,0.290,-0.600,0.700,0.565,0.414,-0.300,0.775,0.775,-0.100,0.795,0.775,-0.400,0.803,0.775,-0.400,0.805,0.775,-0.500,0.805,0.775
20050321_1223,-24.880,-63.540,572.300,IU.ULN.00,47.865,107.053,155.842,1728.268,1773.676,1788.705,83.000,5.234,0.715,0.681,0.678,0.677,0.678,-0.200,-0.200,0.972,0.960,0.300,0.924,0.924,0.100,0.977,0.924,-0.100,0.964,0.924,-0.200,0.948,0.924,-0.200,0.958,0.924
20050321_1223,-24.880,-63.540,572.300,MY.KSM.,1.473,110.308,155.851,1728.316,1773.735,1788.768,84.000,0.738,0.099,0.072,0.076,0.092,0.081,-4.400,-4.500,0.831,0.691,-4.700,0.695,0.695,-4.600,0.594,0.695,-4.700,0.584,0.695,-5.300,0.570,0.695,-5.000,0.562,0.695
20050321_1223,-24.880,-63.540,572.300,IU.YAK.00,62.031,129.680,141.792,1649.924,1680.003,1689.463,85.000,0.733,0.132,0.156,0.140,0.132,0.129,-1.100,-2.000,0.744,0.550,-2.700,0.737,0.737,-2.700,0.712,0.737,-3.000,0.717,0.737,-3.200,0.712,0.737,-3.200,0.715,0.737
20050321_1223,-24.880,-63.540,572.300,TW.PHUB.,23.511,119.580,176.842,1833.665,1906.876,1932.939,86.000,7.800,0.160,0.269,0.277,0.271,0.266,-0.300,0.100,0.957,0.934,3.000,0.535,0.535,-9.200,0.585,0.535,-9.100,0.575,0.535,-9.100,0.582,0.535,-9.100,0.594,0.535
20050321_1223,-24.880,-63.540,572.300,XF.H1590.01,33.628,84.171,150.640,1700.010,1739.417,1752.202,87.000,6.703,0.595,0.551,0.516,0.528,0.544,-5.400,4.500,0.591,-0.727,-0.100,0.504,0.504,7.900,0.445,0.504,7.600,0.433,0.504,7.600,0.428,0.504,7.800,0.438,0.504
20050321_1223,-24.880,-63.540,572.300,N.KMUF.,42.239,142.962,152.113,1708.103,1749.170,1762.570,88.000,3.474,0.543,0.436,0.470,0.470,0.465,1.600,1.700,0.931,0.917,1.200,0.704,0.704,1.700,0.809,0.704,1.400,0.782,0.704,1.200,0.773,0.704,1.300,0.777,0.704
20050321_1223,-24.880,-63.540,572.300,XF.H1240.01,31.020,85.134,151.755,1706.140,1746.800,1760.048,89.000,3.453,0.326,0.478,0.485,0.484,0.481,-1.300,-1.900,0.724,0.650,-10.000,0.389,0.389,-1.800,0.573,0.389,-2.600,0.701,0.389,-2.300,0.679,0.389,-1.900,0.614,0.389
20050321_1223,-24.880,-63.540,572.300,IC.SSE.10,31.095,121.189,172.515,1813.069,1880.116,1903.637,90.000,10.083,0.359,0.446,0.464,0.475,0.476,-0.500,-0.400,0.875,0.864,1.600,0.857,0.857,0.500,0.918,0.857,0.300,0.909,0.857,0.200,0.905,0.857,0.100,0.901,0.857
20050321_1223,-24.880,-63.540,572.300,TW.LYUB.,22.037,121.558,174.528,1822.723,1892.608,1917.296,91.000,0.954,0.162,0.042,0.049,0.047,0.039,-3.600,-4.100,0.575,0.424,-3.800,0.384,0.384,-3.000,0.564,0.384,-3.000,0.598,0.384,-3.000,0.600,0.384,-2.900,0.579,0.384
20050321_1223,-24.880,-63.540,572.300,N.SRNF.,36.202,136.630,159.333,1746.752,1796.397,1813.026,92.000,5.922,0.468,0.678,0.717,0.707,0.702,1.100,0.700,0.928,0.863,0.700,0.963,0.963,0.000,0.809,0.963,-0.200,0.888,0.963,-0.300,0.891,0.963,-0.200,0.883,0.963
20050321_1223,-24.880,-63.540,572.300,N.ISIF.,34.061,134.455,161.883,1760.006,1812.861,1830.711,93.000,5.446,0.541,0.459,0.494,0.494,0.488,0.700,0.600,0.823,0.858,0.300,0.707,0.707,3.800,0.639,0.707,4.200,0.635,0.707,4.300,0.638,0.707,4.200,0.636,0.707
20050321_1223,-24.880,-63.540,572.300,XF.H1500.01,32.895,84.286,150.839,1701.109,1740.739,1753.606,94.000,2.992,0.546,0.548,0.533,0.539,0.545,-4.800,-4.700,0.629,0.663,7.000,0.494,0.494,-5.800,0.445,0.494,-6.100,0.505,0.494,-6.100,0.499,0.494,-5.900,0.466,0.494
20050321_1223,-24.880,-63.540,572.300,IC.QIZ.01,19.029,109.844,171.525,1808.274,1873.943,1896.900,95.000,2.306,0.265,0.221,0.205,0.198,0.208,0.600,-3.700,0.371,-0.827,-8.600,0.729,0.729,-0.300,0.744,0.729,-0.500,0.798,0.729,-0.500,0.808,0.729,-0.500,0.754,0.729
20050321_1223,-24.880,-63.540,572.300,7I.TL01.,-18.001,141.635,130.603,1582.930,1602.991,1609.060,96.000,4.044,0.480,0.626,0.628,0.642,0.636,2.000,2.100,0.821,0.822,1.400,0.773,0.773,1.500,0.834,0.773,1.400,0.834,0.773,1.100,0.839,0.773,1.200,0.834,0.773
20050321_1223,-24.880,-63.540,572.300,IU.WAKE.20,19.283,166.652,133.405,1600.096,1622.465,1629.299,97.000,4.320,0.631,0.575,0.592,0.590,0.572,1.000,0.600,0.771,0.785,0.600,0.810,0.810,0.400,0.795,0.810,-0.100,0.791,0.810,0.100,0.798,0.810,0.400,0.795,0.810
20050321_1223,-24.880,-63.540,572.300,XF.H1510.01,32.949,84.305,150.848,1701.154,1740.793,1753.663,98.000,3.513,0.598,0.591,0.554,0.565,0.582,-4.100,-4.200,0.774,0.751,2.300,0.349,0.349,-5.100,0.457,0.349,-5.500,0.538,0.349,-5.400,0.518,0.349,-5.200,0.481,0.349
20050321_1223,-24.880,-63.540,572.300,XF.H1520.01,33.027,84.315,150.846,1701.143,1740.779,1753.649,99.000,3.647,0.579,0.618,0.583,0.601,0.613,0.100,-5.300,0.668,0.395,-0.100,0.774,0.774,0.100,0.637,0.774,-0.300,0.549,0.774,-0.100,0.576,0.774,0.000,0.618,0.774
20050321_1223,-24.880,-63.540,572.300,IC.LSA.10,29.703,91.128,157.027,1734.584,1781.411,1796.974,100.000,6.800,0.592,0.609,0.611,0.613,0.610,0.800,-4.700,0.715,-0.606,0.900,0.874,0.874,1.400,0.869,0.874,1.500,0.847,0.874,1.400,0.850,0.874,1.500,0.864,0.874
20050321_1223,-24.880,-63.540,572.300,N.TGAF.,35.185,136.338,160.000,1750.241,1800.717,1817.661,101.000,7.136,0.672,0.727,0.736,0.734,0.735,0.200,0.200,0.889,0.877,-0.500,0.807,0.807,0.300,0.752,0.807,-0.600,0.674,0.807,-0.500,0.677,0.807,-0.400,0.688,0.807
20050321_1223,-24.880,-63.540,572.300,N.TYMF.,34.974,139.845,157.437,1736.763,1784.087,1799.837,102.000,1.781,0.309,0.485,0.502,0.495,0.493,-0.100,0.200,0.861,0.905,0.200,0.735,0.735,-0.100,0.931,0.735,-0.500,0.906,0.735,-0.400,0.904,0.735,-0.300,0.910,0.735
20050321_1223,-24.880,-63.540,572.300,XG.XJYAO.02,40.268,115.213,164.577,1773.783,1830.109,1849.303,103.000,2.277,0.014,0.087,0.077,0.070,0.071,-2.400,-5.300,0.686,-0.360,-1.600,0.479,0.479,-1.800,0.497,0.479,-2.000,0.482,0.479,-2.300,0.454,0.479,-2.100,0.468,0.479
20050321_1223,-24.880,-63.540,572.300,TW.SSLB.,23.788,120.954,175.762,1828.580,1900.231,1925.647,104.000,1.836,0.187,0.301,0.298,0.295,0.287,2.300,2.300,0.467,0.467,1.000,0.635,0.635,2.900,0.652,0.635,2.700,0.633,0.635,2.700,0.637,0.635,2.800,0.648,0.635
20050321_1223,-24.880,-63.540,572.300,N.NMRF.,43.367,145.738,149.786,1695.283,1733.741,1746.178,105.000,5.417,0.461,0.545,0.590,0.601,0.597,1.800,1.700,0.940,0.950,1.100,0.864,0.864,1.500,0.716,0.864,1.000,0.706,0.864,0.900,0.713,0.864,0.900,0.717,0.864
20050321_1223,-24.880,-63.540,572.300,GE.PMG.00,-9.405,147.160,134.493,1606.688,1629.989,1637.137,106.000,1.933,0.203,0.181,0.187,0.202,0.186,1.500,2.400,0.754,0.693,2.600,0.757,0.757,2.600,0.799,0.757,2.500,0.803,0.757,2.300,0.808,0.757,2.500,0.800,0.757
20050321_1223,-24.880,-63.540,572.300,TW.HGSD.,23.492,121.424,175.264,1826.223,1897.159,1922.280,107.000,1.238,0.279,0.216,0.209,0.209,0.206,-1.600,0.900,0.621,0.441,-0.100,0.810,0.810,1.500,0.581,0.810,1.500,0.579,0.810,1.500,0.576,0.810,1.500,0.579,0.810
20050321_1223,-24.880,-63.540,572.300,IU.PMG.10,-9.405,147.160,134.493,1606.688,1629.989,1637.137,108.000,1.856,0.212,0.188,0.194,0.209,0.193,1.600,2.400,0.765,0.727,2.500,0.775,0.775,2.500,0.810,0.775,2.500,0.814,0.775,2.200,0.819,0.775,2.400,0.811,0.775
20050321_1223,-24.880,-63.540,572.300,XF.H0790.01,29.380,85.227,151.927,1707.082,1747.936,1761.257,109.000,5.138,0.419,0.536,0.517,0.528,0.535,-0.700,-0.900,0.852,0.851,4.800,0.572,0.572,-9.300,0.458,0.572,-2.100,0.489,0.572,-1.800,0.444,0.572,-9.300,0.447,0.572
20050321_1223,-24.880,-63.540,572.300,N.KNMF.,35.717,137.178,159.153,1745.811,1795.235,1811.780,110.000,4.575,0.485,0.569,0.559,0.553,0.558,-0.200,-3.700,0.749,-0.525,-0.300,0.684,0.684,-0.800,0.716,0.684,-1.200,0.761,0.684,-1.200,0.761,0.684,-1.200,0.749,0.684
20050321_1223,-24.880,-63.540,572.300,IC.ENH.10,30.276,109.495,171.804,1809.629,1875.684,1898.799,111.000,5.785,0.472,0.276,0.246,0.252,0.253,-1.500,-1.200,0.841,0.876,-0.100,0.878,0.878,-0.500,0.595,0.878,-0.900,0.492,0.878,-1.000,0.481,0.878,-0.800,0.529,0.878
20050321_1223,-24.880,-63.540,572.300,IC.HIA.00,49.270,119.741,155.476,1726.304,1771.277,1786.142,112.000,3.370,0.535,0.512,0.501,0.492,0.495,-0.600,0.000,0.930,0.856,0.000,0.814,0.814,-0.400,0.613,0.814,-0.800,0.582,0.814,-1.100,0.555,0.814,-1.000,0.567,0.814
20050321_1223,-24.880,-63.540,572.300,N.TKDF.,32.818,131.387,164.729,1774.553,1831.078,1850.349,113.000,2.613,0.174,0.351,0.377,0.375,0.367,1.400,1.400,0.941,0.929,2.200,0.610,0.610,1.200,0.866,0.610,1.000,0.900,0.610,1.000,0.903,0.610,1.100,0.893,0.610
20050321_1223,-24.880,-63.540,572.300,XF.H1300.01,31.445,85.160,151.739,1706.054,1746.696,1759.937,114.000,2.894,0.426,0.649,0.611,0.634,0.649,-1.600,-1.200,0.908,0.898,4.900,0.671,0.671,5.700,0.526,0.671,-2.400,0.553,0.671,-2.200,0.554,0.671,5.600,0.516,0.671
20050321_1223,-24.880,-63.540,572.300,N.SHRF.,44.056,144.994,149.919,1696.023,1734.629,1747.120,115.000,5.175,0.633,0.554,0.611,0.617,0.614,1.300,1.600,0.919,0.910,0.600,0.931,0.931,1.300,0.820,0.931,0.700,0.815,0.931,0.500,0.833,0.931,0.600,0.836,0.931
20050321_1223,-24.880,-63.540,572.300,IU.BILL.00,68.065,166.453,127.454,1563.343,1580.957,1586.244,116.000,1.622,0.379,0.415,0.431,0.434,0.430,0.300,0.300,0.936,0.941,0.000,0.921,0.921,0.200,0.913,0.921,-0.100,0.917,0.921,0.000,0.916,0.921,0.000,0.917,0.921
20050321_1223,-24.880,-63.540,572.300,N.GJMF.,39.956,140.111,155.118,1724.382,1768.932,1783.638,117.000,2.724,0.431,0.370,0.374,0.371,0.371,0.600,0.400,0.610,0.586,0.600,0.480,0.480,1.100,0.637,0.480,0.900,0.608,0.480,0.900,0.600,0.480,0.800,0.597,0.480
20050321_1223,-24.880,-63.540,572.300,XF.H1340.01,31.732,85.140,151.694,1705.804,1746.395,1759.618,118.000,3.214,0.298,0.472,0.484,0.482,0.483,-0.800,-0.800,0.897,0.879,5.700,0.357,0.357,8.700,0.342,0.357,-2.000,0.423,0.357,-1.800,0.403,0.357,8.600,0.344,0.357
20050321_1223,-24.880,-63.540,572.300,XF.H1370.01,31.945,84.893,151.462,1704.532,1744.861,1757.986,119.000,4.907,0.479,0.608,0.608,0.607,0.613,-0.300,-0.900,0.799,0.814,8.100,0.455,0.455,8.900,0.477,0.455,8.500,0.481,0.455,8.600,0.469,0.455,8.800,0.473,0.455
20050321_1223,-24.880,-63.540,572.300,XF.H1310.01,31.515,85.183,151.751,1706.122,1746.778,1760.025,120.000,2.771,0.342,0.579,0.558,0.584,0.585,-1.300,-0.500,0.869,0.777,5.800,0.472,0.472,6.700,0.413,0.472,6.300,0.433,0.472,6.400,0.421,0.472,6.700,0.416,0.472
20050321_1223,-24.880,-63.540,572.300,IC.WMQ.00,43.814,87.704,149.902,1695.925,1734.512,1746.996,121.000,4.180,0.576,0.578,0.543,0.545,0.567,0.400,0.300,0.935,0.909,-0.900,0.580,0.580,-0.700,0.703,0.580,-1.200,0.746,0.580,-1.200,0.764,0.580,-0.900,0.727,0.580
20050321_1223,-24.880,-63.540,572.300,N.YMZF.,36.927,140.245,156.403,1731.265,1777.342,1792.623,122.000,2.203,0.244,0.306,0.280,0.281,0.288,7.600,-2.900,0.427,-0.739,-7.600,0.530,0.530,-8.100,0.373,0.530,-8.400,0.407,0.530,-8.400,0.414,0.530,-8.400,0.408,0.530
20050321_1223,-24.880,-63.540,572.300,AU.FORT.,-30.779,128.059,123.244,1536.659,1551.260,1555.610,123.000,5.820,0.432,0.654,0.656,0.661,0.661,1.100,1.100,0.853,0.942,1.200,0.771,0.771,0.600,0.806,0.771,0.600,0.806,0.771,0.600,0.800,0.771,0.600,0.801,0.771
20050321_1223,-24.880,-63.540,572.300,XF.H1330.01,31.656,85.170,151.727,1705.987,1746.615,1759.852,124.000,5.070,0.360,0.570,0.582,0.575,0.576,-0.100,-0.900,0.707,0.637,7.900,0.332,0.332,8.700,0.495,0.332,8.200,0.569,0.332,8.300,0.546,0.332,8.600,0.514,0.332
20050321_1223,-24.880,-63.540,572.300,N.OSWF.,27.098,142.196,156.801,1733.382,1779.936,1795.397,125.000,3.228,0.455,0.457,0.464,0.459,0.458,-1.000,-4.600,0.449,-0.817,-0.300,0.639,0.639,-1.300,0.748,0.639,-1.600,0.723,0.639,-1.500,0.731,0.639,-1.300,0.746,0.639
20050321_1223,-24.880,-63.540,572.300,N.IGKF.,24.412,124.179,172.970,1815.260,1882.943,1906.725,126.000,6.830,0.497,0.443,0.465,0.461,0.451,0.200,-3.500,0.655,-0.750,2.100,0.735,0.735,1.200,0.683,0.735,1.100,0.678,0.735,1.100,0.681,0.735,1.200,0.684,0.735
20050321_1223,-24.880,-63.540,572.300,XF.H1080.01,29.850,85.783,152.390,1709.617,1751.000,1764.517,127.000,7.641,0.408,0.492,0.439,0.466,0.490,-1.400,-0.400,0.694,0.615,5.000,0.539,0.539,5.200,0.547,0.539,4.400,0.595,0.539,4.700,0.584,0.539,5.200,0.558,0.539
20050321_1223,-24.880,-63.540,572.300,KZ.PDG.,43.328,79.485,144.676,1666.530,1699.526,1710.002,128.000,3.919,0.568,0.581,0.543,0.554,0.566,-1.500,2.500,0.747,-0.374,-2.000,0.609,0.609,-1.600,0.671,0.609,-2.100,0.712,0.609,-2.000,0.696,0.609,-1.900,0.692,0.609
20050321_1223,-24.880,-63.540,572.300,KN.USP.,43.267,74.500,141.222,1646.610,1676.129,1685.395,129.000,2.788,0.602,0.529,0.482,0.489,0.510,-0.300,-0.200,0.806,0.762,-0.700,0.918,0.918,-0.300,0.933,0.918,-0.900,0.923,0.918,-0.800,0.921,0.918,-0.500,0.927,0.918
20050321_1223,-24.880,-63.540,572.300,IU.CTAO.00,-20.088,146.255,126.504,1557.373,1574.278,1579.344,130.000,3.399,0.510,0.550,0.549,0.537,0.541,0.600,1.100,0.813,0.806,0.300,0.688,0.688,0.600,0.704,0.688,0.500,0.704,0.688,0.400,0.701,0.688,0.400,0.701,0.688
20050321_1223,-24.880,-63.540,572.300,N.ASIF.,36.634,139.421,157.125,1735.106,1782.052,1797.659,131.000,3.237,0.488,0.423,0.416,0.413,0.415,0.000,-0.400,0.382,0.479,-0.500,0.720,0.720,-0.300,0.588,0.720,-0.700,0.595,0.720,-0.800,0.607,0.720,-0.700,0.607,0.720
20050321_1223,-24.880,-63.540,572.300,N.ONSF.,36.156,138.982,157.643,1737.854,1785.427,1801.271,132.000,4.558,0.475,0.609,0.583,0.590,0.590,-2.000,-1.900,0.517,0.486,-9.800,0.380,0.380,-2.000,0.513,0.380,-2.400,0.469,0.380,-2.300,0.476,0.380,-2.300,0.481,0.380
20050321_1223,-24.880,-63.540,572.300,PS.MCSJ.,24.290,153.978,145.988,1673.984,1708.351,1719.311,133.000,0.346,0.023,0.051,0.051,0.052,0.051,1.700,1.100,0.844,0.625,-0.900,0.288,0.288,6.000,0.135,0.288,-2.700,0.207,0.288,-1.700,0.154,0.288,6.000,0.134,0.288
20050321_1223,-24.880,-63.540,572.300,AK.ATKA.,52.202,-174.197,121.910,1528.085,1541.800,1545.878,134.000,0.947,0.259,0.253,0.262,0.263,0.263,0.700,-0.600,0.564,0.561,0.400,0.575,0.575,-0.100,0.609,0.575,-0.100,0.599,0.575,-0.100,0.613,0.575,-0.100,0.617,0.575
20050321_1223,-24.880,-63.540,572.300,N.KSKF.,38.258,140.583,155.596,1726.947,1772.062,1786.981,135.000,2.025,0.290,0.354,0.367,0.358,0.362,8.500,-4.200,0.393,-0.494,-0.300,0.669,0.669,-0.400,0.703,0.669,-0.700,0.689,0.669,-0.700,0.693,0.669,-0.700,0.697,0.669
20050321_1223,-24.880,-63.540,572.300,G.INU.,35.350,137.029,159.419,1747.207,1796.960,1813.630,136.000,3.697,0.510,0.576,0.543,0.542,0.552,-0.200,-0.200,0.917,0.911,-0.500,0.787,0.787,-0.900,0.715,0.787,-1.300,0.731,0.787,-1.300,0.732,0.787,-1.200,0.732,0.787
20050321_1223,-24.880,-63.540,572.300,IU.HNR.10,-9.439,159.947,125.471,1550.846,1566.999,1571.831,137.000,1.117,0.099,0.127,0.115,0.118,0.127,4.300,4.500,0.752,0.805,4.000,0.869,0.869,4.200,0.876,0.869,4.100,0.868,0.869,4.000,0.867,0.869,4.200,0.874,0.869
20050321_1223,-24.880,-63.540,572.300,AT.SMY.,52.731,174.103,128.963,1572.767,1591.537,1597.190,138.000,1.461,0.297,0.380,0.424,0.398,0.400,1.700,1.600,0.816,0.852,1.500,0.755,0.755,1.800,0.772,0.755,1.200,0.751,0.755,1.500,0.765,0.755,1.500,0.768,0.755
20050321_1223,-24.880,-63.540,572.300,XF.H0641.01,28.856,85.294,151.996,1707.462,1748.396,1761.746,139.000,7.730,0.451,0.526,0.517,0.528,0.532,-1.000,-1.000,0.918,0.910,4.700,0.534,0.534,-9.200,0.451,0.534,5.800,0.475,0.534,5.800,0.423,0.534,-9.300,0.448,0.534
20050321_1223,-24.880,-63.540,572.300,IU.TATO.10,24.973,121.497,175.431,1827.015,1898.190,1923.411,140.000,2.424,0.109,0.378,0.304,0.333,0.368,-2.500,-2.500,0.870,0.861,-2.500,0.643,0.643,-1.300,0.810,0.643,-1.600,0.777,0.643,-1.500,0.785,0.643,-1.300,0.798,0.643
20050321_1223,-24.880,-63.540,572.300,TW.ANPB.,25.183,121.529,175.397,1826.853,1897.979,1923.179,141.000,3.945,0.087,0.275,0.258,0.254,0.272,5.400,5.000,0.836,0.686,4.900,0.658,0.658,6.300,0.798,0.658,6.000,0.793,0.658,6.200,0.796,0.658,6.300,0.796,0.658
20050321_1223,-24.880,-63.540,572.300,N.HROF.,37.225,140.878,155.821,1728.153,1773.535,1788.554,142.000,3.355,0.339,0.306,0.319,0.315,0.316,1.300,-4.000,0.632,-0.919,-8.800,0.599,0.599,1.000,0.469,0.599,-9.600,0.472,0.599,-9.600,0.481,0.599,-9.600,0.473,0.599
20050321_1223,-24.880,-63.540,572.300,XG.MJPU.02,40.667,115.684,164.200,1771.868,1827.705,1846.707,143.000,1.783,0.277,0.300,0.277,0.259,0.265,-1.100,-1.100,0.931,0.955,-0.400,0.715,0.715,-0.500,0.666,0.715,-0.900,0.615,0.715,-1.400,0.567,0.715,-1.200,0.582,0.715
20050321_1223,-24.880,-63.540,572.300,MY.KKM.,6.044,116.215,161.163,1756.284,1808.223,1825.724,144.000,2.318,0.421,0.424,0.424,0.421,0.421,1.400,-2.700,0.744,-0.560,-0.200,0.771,0.771,0.200,0.734,0.771,0.200,0.733,0.771,0.000,0.726,0.771,0.000,0.725,0.771
20050321_1223,-24.880,-63.540,572.300,IU.PET.00,53.023,158.650,137.766,1626.281,1652.517,1660.659,145.000,2.222,0.518,0.403,0.425,0.419,0.418,3.000,0.800,0.401,0.290,1.300,0.557,0.557,1.700,0.478,0.557,1.200,0.515,0.557,1.300,0.491,0.557,1.300,0.491,0.557
20050321_1223,-24.880,-63.540,572.300,II.KWAJ.10,8.802,167.613,128.807,1571.798,1590.447,1596.062,146.000,3.354,0.344,0.312,0.339,0.319,0.309,-0.800,-4.600,0.538,-0.861,2.700,0.506,0.506,2.600,0.524,0.506,1.800,0.530,0.506,2.300,0.527,0.506,2.700,0.525,0.506
20050321_1223,-24.880,-63.540,572.300,XG.LJIA.02,40.618,123.169,163.295,1767.254,1821.920,1840.469,147.000,0.355,0.006,-0.023,-0.022,-0.023,-0.023,-8.700,-3.500,0.277,0.682,3.100,0.293,0.293,4.700,0.331,0.293,4.600,0.343,0.293,4.700,0.330,0.293,4.600,0.337,0.293
20050321_1223,-24.880,-63.540,572.300,N.YTYF.,34.284,131.036,164.246,1772.101,1827.997,1847.023,148.000,5.339,0.201,0.442,0.478,0.474,0.473,1.100,2.300,0.843,0.643,2.200,0.833,0.833,1.500,0.713,0.833,1.200,0.731,0.833,1.300,0.742,0.833,1.200,0.739,0.833
20050321_1223,-24.880,-63.540,572.300,XF.H1440.01,32.454,84.240,150.855,1701.195,1740.841,1753.715,149.000,5.885,0.461,0.538,0.518,0.528,0.535,-1.500,-0.600,0.734,0.696,6.000,0.579,0.579,6.500,0.470,0.579,6.200,0.445,0.579,6.300,0.441,0.579,6.500,0.459,0.579
20050321_1223,-24.880,-63.540,572.300,AK.GAMB.,63.776,-171.704,120.158,1516.732,1529.330,1533.068,150.000,0.898,0.293,0.302,0.307,0.304,0.302,1.300,-3.000,0.746,-0.571,2.300,0.511,0.511,2.400,0.543,0.511,2.200,0.499,0.511,2.600,0.521,0.511,2.600,0.526,0.511
20050321_1223,-24.880,-63.540,572.300,KZ.MKAR.,46.794,82.290,145.138,1669.163,1702.638,1713.283,151.000,7.419,0.554,0.458,0.475,0.471,0.464,0.300,4.100,0.903,-0.806,-0.400,0.669,0.669,-0.100,0.740,0.669,-0.500,0.792,0.669,-0.600,0.783,0.669,-0.300,0.757,0.669
20050321_1223,-24.880,-63.540,572.300,N.KSRF.,42.982,144.485,150.772,1700.738,1740.292,1753.131,152.000,4.597,0.656,0.576,0.611,0.618,0.615,1.100,1.000,0.951,0.938,0.400,0.803,0.803,1.400,0.722,0.803,1.000,0.693,0.803,0.800,0.701,0.803,0.900,0.707,0.803
20050321_1223,-24.880,-63.540,572.300,N.TSAF.,33.178,132.820,163.493,1768.267,1823.189,1841.836,153.000,3.739,0.353,0.387,0.433,0.422,0.417,2.400,2.800,0.807,0.747,3.300,0.858,0.858,2.700,0.843,0.858,2.300,0.879,0.858,2.300,0.882,0.858,2.300,0.877,0.858
20050321_1223,-24.880,-63.540,572.300,IU.INCN.10,37.478,126.624,164.715,1774.485,1830.993,1850.257,154.000,3.580,0.128,0.083,0.092,0.092,0.095,0.600,3.700,0.416,-0.044,3.600,0.756,0.756,3.900,0.689,0.756,3.500,0.683,0.756,3.400,0.688,0.756,3.400,0.687,0.756
20050321_1223,-24.880,-63.540,572.300,IU.INCN.00,37.478,126.624,164.715,1774.485,1830.993,1850.257,155.000,3.244,0.088,0.046,0.053,0.052,0.055,-0.700,3.700,0.422,-0.136,3.600,0.765,0.765,3.900,0.694,0.765,3.500,0.689,0.765,3.300,0.694,0.765,3.400,0.693,0.765
20050321_1223,-24.880,-63.540,572.300,KN.AML.,42.131,73.694,140.909,1644.784,1673.998,1683.158,156.000,3.114,0.420,0.536,0.546,0.553,0.543,-2.600,-2.000,0.658,0.606,-3.100,0.542,0.542,-2.300,0.581,0.542,-2.900,0.626,0.542,-2.700,0.596,0.542,-2.500,0.587,0.542
20050321_1223,-24.880,-63.540,572.300,KN.EKS2.,42.661,73.777,140.852,1644.453,1673.612,1682.753,157.000,3.136,0.546,0.604,0.581,0.594,0.594,-1.300,4.400,0.754,-0.827,-2.200,0.712,0.712,-1.600,0.769,0.712,-2.300,0.763,0.712,-2.100,0.782,0.712,-1.900,0.772,0.712
20050321_1223,-24.880,-63.540,572.300,GE.PMG.10,-9.405,147.160,134.493,1606.688,1629.989,1637.137,158.000,1.856,0.212,0.188,0.194,0.209,0.193,1.600,2.400,0.765,0.727,2.500,0.775,0.775,2.500,0.810,0.775,2.500,0.814,0.775,2.200,0.819,0.775,2.400,0.811,0.775
20050321_1223,-24.880,-63.540,572.300,II.ARU.00,56.430,58.562,128.107,1567.429,1585.541,1590.984,159.000,2.019,0.371,0.354,0.361,0.361,0.352,1.200,-3.100,0.555,-0.657,-7.700,0.621,0.621,-7.500,0.614,0.621,0.100,0.612,0.621,0.300,0.607,0.621,-7.500,0.606,0.621
20050321_1223,-24.880,-63.540,572.300,XF.H1250.01,31.084,84.998,151.633,1705.473,1745.996,1759.193,160.000,4.990,0.522,0.613,0.622,0.625,0.622,0.000,0.200,0.961,0.963,6.500,0.574,0.574,0.000,0.473,0.574,-0.800,0.568,0.574,-0.700,0.565,0.574,-0.200,0.510,0.574
20050321_1223,-24.880,-63.540,572.300,KN.AAK.,42.633,74.494,141.372,1647.483,1677.149,1686.465,161.000,5.514,0.675,0.656,0.618,0.628,0.644,-0.500,-0.100,0.930,0.901,-0.700,0.910,0.910,-0.600,0.901,0.910,-1.300,0.909,0.910,-1.100,0.911,0.910,-0.900,0.905,0.910
20050321_1223,-24.880,-63.540,572.300,XF.H1220.01,30.860,85.069,151.712,1705.903,1746.514,1759.744,162.000,0.348,0.001,0.008,0.008,0.008,0.008,-0.100,-1.200,0.982,1.000,-12.800,0.300,0.300,-12.800,0.331,0.300,10.900,0.234,0.300,-13.200,0.243,0.300,-12.900,0.305,0.300
20050321_1223,-24.880,-63.540,572.300,IU.TIXI.00,71.634,128.867,132.723,1595.942,1617.737,1624.379,163.000,1.687,0.386,0.328,0.337,0.336,0.338,1.300,1.600,0.817,0.813,0.800,0.824,0.824,1.000,0.808,0.824,0.700,0.825,0.824,0.700,0.822,0.824,0.700,0.821,0.824
20050321_1223,-24.880,-63.540,572.300,XF.H1550.01,33.264,84.246,150.755,1700.645,1740.181,1753.013,164.000,4.499,0.652,0.622,0.576,0.596,0.614,-6.200,4.200,0.536,-0.448,-0.100,0.831,0.831,0.400,0.628,0.831,0.000,0.550,0.831,0.000,0.575,0.831,0.300,0.611,0.831
20050321_1223,-24.880,-63.540,572.300,II.NIL.10,33.651,73.269,141.601,1648.817,1678.708,1688.103,165.000,3.499,0.470,0.465,0.470,0.475,0.470,-0.100,-0.700,0.689,0.681,-0.900,0.551,0.551,-0.800,0.665,0.551,-1.600,0.700,0.551,-1.200,0.696,0.551,-0.800,0.679,0.551
20050321_1223,-24.880,-63.540,572.300,N.TMCF.,32.606,130.915,165.179,1776.833,1833.946,1853.448,166.000,3.234,0.166,0.199,0.217,0.218,0.217,2.000,2.300,0.856,0.927,2.300,0.545,0.545,2.000,0.945,0.545,1.800,0.948,0.545,1.800,0.950,0.545,1.800,0.950,0.545
20050321_1223,-24.880,-63.540,572.300,IM.ATTU.,52.882,173.164,129.495,1576.071,1595.255,1601.041,167.000,1.860,0.213,0.202,0.230,0.213,0.213,2.200,2.100,0.848,0.678,1.300,0.794,0.794,1.700,0.795,0.794,1.100,0.766,0.794,1.400,0.774,0.794,1.500,0.775,0.794
20050321_1223,-24.880,-63.540,572.300,GE.UGM.,-7.912,110.523,146.701,1678.019,1713.141,1724.370,168.000,2.693,0.266,0.274,0.285,0.308,0.300,1.400,1.900,0.901,0.824,0.900,0.932,0.932,0.900,0.923,0.932,0.800,0.930,0.932,0.400,0.952,0.932,0.400,0.946,0.932
20050321_1223,-24.880,-63.540,572.300,IC.KMI.00,25.148,102.747,167.576,1788.862,1849.149,1869.916,169.000,5.711,0.229,0.062,0.095,0.088,0.058,-2.200,-2.200,0.807,0.764,-2.200,0.871,0.871,-2.000,0.584,0.871,-1.000,0.530,0.871,-1.100,0.552,0.871,-1.800,0.583,0.871
20050321_1223,-24.880,-63.540,572.300,TW.TDCB.,24.253,121.158,175.681,1828.198,1899.732,1925.101,170.000,2.869,0.029,0.190,0.193,0.193,0.181,0.200,0.300,0.769,0.763,-1.600,0.630,0.630,1.000,0.842,0.630,0.700,0.842,0.630,0.800,0.845,0.630,1.000,0.841,0.630
20050321_1223,-24.880,-63.540,572.300,XF.H1130.01,30.206,85.328,151.978,1707.365,1748.278,1761.620,171.000,5.259,0.416,0.496,0.488,0.491,0.497,-1.200,-1.000,0.981,0.969,4.700,0.561,0.561,6.100,0.360,0.561,6.000,0.444,0.561,6.100,0.420,0.561,6.200,0.378,0.561
20050321_1223,-24.880,-63.540,572.300,N.IYGF.,40.122,141.583,154.053,1718.644,1761.947,1776.183,172.000,2.629,0.494,0.507,0.520,0.526,0.520,1.900,1.700,0.919,0.872,2.300,0.674,0.674,2.100,0.920,0.674,1.900,0.872,0.674,1.800,0.857,0.674,1.800,0.860,0.674
20050321_1223,-24.880,-63.540,572.300,N.KNYF.,34.874,138.063,158.836,1744.143,1793.175,1809.571,173.000,3.789,0.445,0.482,0.464,0.460,0.466,-1.000,-0.800,0.878,0.908,-1.000,0.805,0.805,-1.100,0.778,0.805,-1.500,0.772,0.805,-1.500,0.774,0.805,-1.500,0.776,0.805
20050321_1223,-24.880,-63.540,572.300,IC.QIZ.00,19.029,109.844,171.525,1808.274,1873.943,1896.900,174.000,2.304,0.266,0.221,0.206,0.198,0.208,0.600,-3.700,0.372,-0.826,-8.600,0.729,0.729,-0.300,0.745,0.729,-0.500,0.799,0.729,-0.500,0.809,0.729,-0.500,0.755,0.729
20050321_1223,-24.880,-63.540,572.300,N.ZMMF.,26.233,127.304,170.127,1801.457,1865.202,1887.369,175.000,6.766,0.463,0.311,0.273,0.292,0.303,-0.200,0.000,0.789,0.785,8.500,0.603,0.603,1.600,0.849,0.603,1.400,0.662,0.603,1.500,0.740,0.603,1.600,0.833,0.603
20050321_1223,-24.880,-63.540,572.300,KZ.VOS.,52.723,70.980,136.057,1616.095,1640.773,1648.389,176.000,6.729,0.657,0.730,0.719,0.725,0.720,-1.000,-1.000,0.936,0.927,-1.200,0.885,0.885,-0.900,0.859,0.885,-1.400,0.884,0.885,-1.300,0.869,0.885,-1.200,0.866,0.885
20050321_1223,-24.880,-63.540,572.300,KN.UCH.,42.228,74.513,141.480,1648.110,1677.881,1687.235,177.000,2.870,0.433,0.515,0.503,0.513,0.515,-1.200,-0.600,0.787,0.769,-1.500,0.768,0.768,-1.600,0.785,0.768,-2.100,0.785,0.768,-2.000,0.799,0.768,-1.800,0.794,0.768
20050321_1223,-24.880,-63.540,572.300,N.HSSF.,42.967,141.229,152.813,1711.919,1753.786,1767.483,178.000,2.628,0.350,0.370,0.347,0.348,0.347,1.100,-1.600,0.704,0.279,-1.200,0.482,0.482,-0.800,0.528,0.482,-1.200,0.509,0.482,-1.300,0.513,0.482,-1.300,0.520,0.482
20050321_1223,-24.880,-63.540,572.300,7I.GA05.,-31.669,137.014,120.137,1516.599,1529.184,1532.918,179.000,2.718,0.317,0.321,0.324,0.334,0.335,-1.000,-1.400,0.587,0.578,-0.700,0.637,0.637,-0.600,0.840,0.637,-0.600,0.840,0.637,-0.500,0.805,0.637,-0.400,0.810,0.637
20050321_1223,-24.880,-63.540,572.300,N.UMJF.,33.579,134.037,162.404,1762.683,1816.203,1834.310,180.000,4.845,0.336,0.205,0.278,0.268,0.251,1.800,1.700,0.839,0.846,1.300,0.838,0.838,2.400,0.858,0.838,2.100,0.797,0.838,2.000,0.794,0.838,2.200,0.812,0.838
20050321_1223,-24.880,-63.540,572.300,XF.H1600.01,33.750,84.270,150.702,1700.354,1739.831,1752.641,181.000,3.801,0.535,0.410,0.364,0.382,0.401,-4.800,-4.600,0.774,0.753,1.400,0.509,0.509,-5.400,0.557,0.509,-5.700,0.606,0.509,-5.700,0.599,0.509,-5.500,0.574,0.509
20050321_1223,-24.880,-63.540,572.300,XF.H1060.01,29.707,85.708,152.333,1709.302,1750.619,1764.111,182.000,10.748,0.427,0.516,0.469,0.483,0.511,-1.800,-1.200,0.822,0.765,5.400,0.286,0.286,5.700,0.316,0.286,4.800,0.594,0.286,5.100,0.530,0.286,5.600,0.375,0.286
20050321_1223,-24.880,-63.540,572.300,N.TYSF.,39.377,141.593,154.391,1720.472,1764.170,1778.555,183.000,4.248,0.501,0.410,0.466,0.462,0.452,1.500,1.700,0.936,0.943,1.300,0.838,0.838,1.600,0.855,0.838,1.100,0.845,0.838,1.000,0.850,0.838,1.100,0.857,0.838
20050321_1223,-24.880,-63.540,572.300,N.IZHF.,34.136,129.207,165.575,1778.833,1836.466,1856.173,184.000,7.275,0.343,0.328,0.358,0.361,0.357,1.700,1.800,0.747,0.820,2.300,0.646,0.646,-0.100,0.487,0.646,-0.100,0.555,0.646,-0.100,0.572,0.646,0.000,0.560,0.646
20050321_1223,-24.880,-63.540,572.300,AU.NWAO.,-32.927,117.233,122.189,1529.880,1543.777,1547.911,185.000,1.843,0.325,0.272,0.273,0.273,0.274,1.400,1.300,0.754,0.688,6.900,0.362,0.362,7.100,0.350,0.362,7.100,0.355,0.362,7.000,0.393,0.362,7.000,0.388,0.362
20050321_1223,-24.880,-63.540,572.300,XF.H1490.01,32.822,84.267,150.833,1701.072,1740.694,1753.558,186.000,3.398,0.560,0.602,0.600,0.600,0.603,-4.900,4.800,0.480,-0.874,7.700,0.492,0.492,8.200,0.586,0.492,7.800,0.614,0.492,7.900,0.603,0.492,8.100,0.592,0.492
20050321_1223,-24.880,-63.540,572.300,N.JIZF.,34.917,138.994,158.110,1740.324,1788.466,1804.525,187.000,1.286,0.312,0.230,0.262,0.253,0.249,-4.100,-3.900,0.767,0.751,-4.400,0.635,0.635,-4.500,0.725,0.635,-4.800,0.719,0.635,-4.800,0.719,0.635,-4.600,0.721,0.635
20050321_1223,-24.880,-63.540,572.300,XF.H1090.01,29.922,85.733,152.344,1709.361,1750.691,1764.188,188.000,5.509,0.374,0.439,0.431,0.422,0.429,-2.200,-2.100,0.572,0.547,3.500,0.670,0.670,3.600,0.651,0.670,3.100,0.632,0.670,3.200,0.651,0.670,3.500,0.667,0.670
20050321_1223,-24.880,-63.540,572.300,II.COCO.20,-12.190,96.835,138.278,1629.322,1656.034,1664.337,189.000,3.174,0.174,0.253,0.263,0.255,0.258,-3.000,-2.900,0.674,0.427,4.300,0.345,0.345,2.200,0.441,0.345,-4.700,0.308,0.345,-5.300,0.333,0.345,-4.800,0.323,0.345
20050321_1223,-24.880,-63.540,572.300,IU.PMG.00,-9.405,147.160,134.493,1606.688,1629.989,1637.137,190.000,1.933,0.203,0.181,0.187,0.202,0.186,1.500,2.400,0.754,0.693,2.600,0.757,0.757,2.600,0.799,0.757,2.500,0.803,0.757,2.300,0.808,0.757,2.500,0.800,0.757
20050321_1223,-24.880,-63.540,572.300,N.TKOF.,31.893,131.232,165.253,1777.209,1834.419,1853.960,191.000,3.359,0.263,0.292,0.364,0.344,0.322,0.800,0.300,0.801,0.738,3.800,0.692,0.692,1.700,0.444,0.692,1.400,0.485,0.692,1.400,0.491,0.692,1.500,0.478,0.692
20050321_1223,-24.880,-63.540,572.300,KZ.KURK.,50.715,78.620,141.194,1646.444,1675.936,1685.192,192.000,4.264,0.466,0.512,0.491,0.494,0.503,9.100,3.900,0.416,-0.602,-0.600,0.513,0.513,-0.400,0.511,0.513,-0.900,0.487,0.513,-1.000,0.493,0.513,-0.700,0.492,0.513
20050321_1223,-24.880,-63.540,572.300,AU.FITZ.,-18.102,125.639,136.098,1616.342,1641.057,1648.685,193.000,3.636,0.296,0.497,0.494,0.478,0.483,-0.800,-0.200,0.800,0.782,-2.100,0.815,0.815,-2.100,0.834,0.815,-2.200,0.837,0.815,-2.500,0.843,0.815,-2.500,0.842,0.815
20050321_1223,-24.880,-63.540,572.300,N.TTOF.,35.836,138.121,158.410,1741.902,1790.411,1806.609,194.000,2.052,0.483,0.484,0.473,0.465,0.469,-1.000,-0.900,0.754,0.711,-1.200,0.857,0.857,-1.800,0.808,0.857,-2.000,0.835,0.857,-2.100,0.832,0.857,-1.900,0.827,0.857
20050321_1223,-24.880,-63.540,572.300,N.STMF.,32.887,129.724,165.914,1780.539,1838.617,1858.501,195.000,5.146,0.323,0.392,0.396,0.394,0.390,1.200,1.100,0.667,0.661,-7.100,0.562,0.562,0.600,0.937,0.562,0.600,0.951,0.562,0.500,0.954,0.562,0.600,0.953,0.562
20050321_1223,-24.880,-63.540,572.300,KZ.AKTK.,50.435,58.017,128.810,1571.814,1590.465,1596.080,196.000,5.107,0.623,0.587,0.541,0.556,0.573,-0.800,-0.900,0.749,0.712,-1.100,0.822,0.822,-0.800,0.815,0.822,-1.300,0.815,0.822,-1.100,0.815,0.822,-1.000,0.815,0.822
20050321_1223,-24.880,-63.540,572.300,TW.WFSB.,25.072,121.782,175.173,1825.788,1896.593,1921.659,197.000,1.975,0.050,0.167,0.142,0.149,0.160,5.400,4.900,0.671,0.600,4.700,0.739,0.739,6.200,0.775,0.739,5.900,0.703,0.739,6.100,0.732,0.739,6.300,0.769,0.739
20050321_1223,-24.880,-63.540,572.300,XF.H1540.01,33.194,84.228,150.750,1700.619,1740.149,1752.979,198.000,2.448,0.694,0.647,0.584,0.603,0.633,-0.500,-0.400,0.591,0.501,5.900,0.649,0.649,-0.700,0.540,0.649,-1.100,0.504,0.649,-1.000,0.523,0.649,-0.800,0.535,0.649
20050321_1223,-24.880,-63.540,572.300,N.URHF.,42.930,143.671,151.315,1703.729,1743.893,1756.957,199.000,3.919,0.470,0.343,0.405,0.390,0.394,0.500,1.100,0.881,0.835,0.700,0.691,0.691,1.100,0.636,0.691,0.600,0.587,0.691,0.500,0.596,0.691,0.500,0.600,0.691
20050321_1223,-24.880,-63.540,572.300,N.FUJF.,35.231,138.418,158.430,1742.011,1790.545,1806.752,200.000,3.888,0.584,0.602,0.568,0.573,0.584,-0.800,-0.700,0.890,0.886,-0.600,0.960,0.960,-1.000,0.871,0.960,-1.400,0.888,0.960,-1.400,0.887,0.960,-1.300,0.884,0.960
20050321_1223,-24.880,-63.540,572.300,N.NOKF.,34.166,135.348,161.170,1756.320,1808.267,1825.771,201.000,12.584,0.500,0.448,0.497,0.487,0.481,0.000,0.300,0.970,0.977,-0.600,0.807,0.807,1.400,0.766,0.807,0.600,0.681,0.807,0.500,0.681,0.807,0.700,0.697,0.807
20050321_1223,-24.880,-63.540,572.300,N.KISF.,33.865,135.891,160.878,1754.810,1806.389,1823.753,202.000,5.164,0.518,0.443,0.476,0.471,0.461,0.100,2.800,0.822,0.259,-1.000,0.570,0.570,2.900,0.790,0.570,2.300,0.632,0.570,2.300,0.638,0.570,2.500,0.684,0.570
20050321_1223,-24.880,-63.540,572.300,N.KMTF.,33.678,135.490,161.258,1756.777,1808.836,1826.383,203.000,4.867,0.491,0.640,0.639,0.636,0.636,-0.800,-0.200,0.854,0.809,-1.200,0.708,0.708,0.400,0.871,0.708,-0.200,0.780,0.708,-0.200,0.782,0.708,0.000,0.813,0.708
20050321_1223,-24.880,-63.540,572.300,XG.FFANG.02,40.529,123.075,163.404,1767.810,1822.617,1841.219,204.000,1.497,0.078,0.243,0.247,0.251,0.255,-5.200,3.100,0.433,0.383,9.900,0.497,0.497,3.100,0.459,0.497,3.000,0.449,0.497,3.000,0.452,0.497,3.000,0.451,0.497
20050321_1223,-24.880,-63.540,572.300,XF.H1270.01,31.225,85.072,151.684,1705.754,1746.335,1759.553,205.000,5.018,0.465,0.671,0.646,0.670,0.676,-1.300,-1.000,0.975,0.965,5.700,0.479,0.479,-1.300,0.685,0.479,-2.100,0.751,0.479,-1.800,0.751,0.479,-1.500,0.715,0.479
20050321_1223,-24.880,-63.540,572.300,XF.H0780.01,29.341,85.237,151.937,1707.136,1748.002,1761.327,206.000,0.345,0.002,0.010,0.009,0.009,0.009,-0.100,-1.000,0.988,1.000,4.000,0.294,0.294,-12.600,0.324,0.294,10.500,0.233,0.294,-13.100,0.243,0.294,-12.600,0.313,0.294
20050321_1223,-24.880,-63.540,572.300,TW.YULB.,23.392,121.297,175.342,1826.592,1897.640,1922.808,207.000,2.103,0.006,0.040,0.062,0.052,0.050,-2.500,-3.200,0.756,0.647,-3.500,0.703,0.703,-2.600,0.586,0.703,-2.600,0.624,0.703,-2.700,0.615,0.703,-2.500,0.587,0.703
20050321_1223,-24.880,-63.540,572.300,II.KWAJ.00,8.802,167.613,128.807,1571.798,1590.447,1596.062,208.000,3.272,0.339,0.309,0.339,0.317,0.307,-0.800,3.500,0.520,0.078,2.500,0.514,0.514,2.500,0.533,0.514,1.700,0.540,0.514,2.200,0.536,0.514,2.600,0.533,0.514
20050321_1223,-24.880,-63.540,572.300,XF.H1320.01,31.584,85.189,151.750,1706.115,1746.770,1760.017,209.000,4.219,0.372,0.609,0.608,0.625,0.619,-0.500,-0.600,0.898,0.881,6.400,0.410,0.410,8.400,0.403,0.410,-1.300,0.437,0.410,-1.000,0.422,0.410,8.400,0.405,0.410
20050321_1223,-24.880,-63.540,572.300,XF.H1200.01,30.715,85.141,151.784,1706.301,1746.994,1760.255,210.000,4.562,0.391,0.534,0.512,0.523,0.536,-1.900,-1.600,0.838,0.799,4.500,0.676,0.676,-2.000,0.651,0.676,-2.600,0.791,0.676,-2.400,0.779,0.676,-2.100,0.703,0.676
20050321_1223,-24.880,-63.540,572.300,TW.NACB.,24.174,121.595,175.276,1826.278,1897.230,1922.358,211.000,3.568,0.199,0.257,0.240,0.247,0.254,-0.100,-4.300,0.721,-0.552,-9.300,0.600,0.600,-7.900,0.576,0.600,-8.100,0.564,0.600,-7.900,0.565,0.600,-7.800,0.577,0.600
20050321_1223,-24.880,-63.540,572.300,XF.H1530.01,33.119,84.221,150.755,1700.644,1740.180,1753.012,212.000,3.450,0.621,0.555,0.528,0.538,0.549,0.800,0.800,0.630,0.589,-0.100,0.743,0.743,0.300,0.698,0.743,-0.100,0.655,0.743,-0.100,0.674,0.743,0.200,0.692,0.743
20050321_1223,-24.880,-63.540,572.300,KN.KZA.,42.078,75.250,142.045,1651.394,1681.724,1691.270,213.000,4.542,0.587,0.655,0.640,0.646,0.652,-0.200,-0.400,0.880,0.838,-0.500,0.623,0.623,-0.700,0.721,0.623,-1.300,0.787,0.623,-1.200,0.775,0.623,-1.000,0.749,0.623
20050321_1223,-24.880,-63.540,572.300,XF.H1421.01,32.009,83.871,150.593,1699.751,1739.105,1751.871,214.000,4.782,0.482,0.560,0.548,0.552,0.557,-1.800,-1.500,0.893,0.916,4.900,0.553,0.553,-2.800,0.646,0.553,-3.300,0.712,0.553,-3.100,0.700,0.553,-2.900,0.665,0.553
20050321_1223,-24.880,-63.540,572.300,II.DGAR.10,-7.412,72.452,126.354,1556.428,1573.222,1578.253,215.000,2.345,0.186,0.117,0.087,0.081,0.114,-2.100,1.300,0.881,-0.516,-2.900,0.782,0.782,-3.100,0.796,0.782,-3.300,0.836,0.782,-3.200,0.839,0.782,-3.100,0.802,0.782
20050321_1223,-24.880,-63.540,572.300,XF.H1405.01,32.181,84.513,151.116,1702.631,1742.571,1755.552,216.000,7.608,0.427,0.528,0.502,0.516,0.511,-1.500,-2.400,0.632,0.601,7.300,0.493,0.493,-2.300,0.541,0.493,-3.000,0.587,0.493,-2.800,0.576,0.493,-2.600,0.555,0.493
20050321_1223,-24.880,-63.540,572.300,II.KURK.00,50.715,78.620,141.194,1646.444,1675.936,1685.192,217.000,4.265,0.466,0.512,0.491,0.494,0.503,9.100,3.900,0.416,-0.602,-0.600,0.514,0.514,-0.400,0.511,0.514,-0.900,0.487,0.514,-1.000,0.493,0.514,-0.700,0.492,0.514
20050321_1223,-24.880,-63.540,572.300,7I.TL08.,-25.198,142.638,123.887,1540.772,1555.811,1560.297,218.000,0.420,0.046,0.023,0.025,0.031,0.030,7.400,-1.900,0.414,-0.956,-8.600,0.400,0.400,-9.000,0.483,0.400,-9.000,0.483,0.400,-8.900,0.481,0.400,-9.000,0.479,0.400
20050321_1223,-24.880,-63.540,572.300,IU.GUMO.10,13.589,144.868,150.981,1701.890,1741.678,1754.604,219.000,2.544,0.402,0.341,0.390,0.394,0.346,2.000,2.600,0.875,0.871,1.300,0.735,0.735,1.600,0.536,0.735,7.600,0.566,0.735,7.500,0.538,0.735,1.500,0.524,0.735
20050321_1223,-24.880,-63.540,572.300,XF.H1071.01,29.770,85.775,152.388,1709.602,1750.981,1764.497,220.000,4.847,0.403,0.478,0.422,0.436,0.464,-1.500,-1.900,0.790,0.752,3.500,0.640,0.640,3.700,0.584,0.640,3.500,0.596,0.640,3.600,0.604,0.640,3.700,0.594,0.640
20050321_1223,-24.880,-63.540,572.300,KN.TKM2.,42.921,75.597,142.085,1651.622,1681.991,1691.551,221.000,3.879,0.541,0.526,0.498,0.509,0.514,-1.200,-0.800,0.928,0.913,-1.200,0.691,0.691,-1.600,0.751,0.691,-2.200,0.813,0.691,-2.100,0.811,0.691,-1.900,0.781,0.691
20050321_1223,-24.880,-63.540,572.300,N.HIDF.,42.821,142.415,152.161,1708.364,1749.485,1762.905,222.000,2.995,0.480,0.322,0.338,0.340,0.340,0.000,0.500,0.837,0.791,-0.900,0.492,0.492,0.700,0.558,0.492,0.400,0.489,0.492,-0.400,0.474,0.492,0.200,0.482,0.492
20050321_1223,-24.880,-63.540,572.300,IC.WMQ.10,43.814,87.704,149.902,1695.925,1734.512,1746.996,223.000,4.132,0.589,0.592,0.561,0.562,0.583,0.500,0.400,0.923,0.900,-0.700,0.580,0.580,-0.600,0.684,0.580,-1.100,0.723,0.580,-1.100,0.742,0.580,-0.800,0.706,0.580
20050321_1223,-24.880,-63.540,572.300,II.AAK.00,42.638,74.494,141.371,1647.476,1677.141,1686.457,224.000,5.493,0.645,0.630,0.593,0.603,0.619,-0.500,-0.100,0.926,0.895,-0.700,0.907,0.907,-0.600,0.901,0.907,-1.200,0.910,0.907,-1.100,0.911,0.907,-0.900,0.905,0.907
20050321_1223,-24.880,-63.540,572.300,N.SIBF.,31.970,130.349,165.896,1780.450,1838.505,1858.380,225.000,3.136,0.313,0.226,0.235,0.231,0.234,-7.100,-5.800,0.323,0.500,-6.900,0.478,0.478,-7.000,0.320,0.478,-7.100,0.333,0.478,-7.100,0.338,0.478,-7.100,0.338,0.478
20050321_1223,-24.880,-63.540,572.300,N.YSIF.,35.194,132.886,162.474,1763.046,1816.657,1834.798,226.000,4.010,0.350,0.173,0.200,0.205,0.201,0.700,1.500,0.804,0.820,1.300,0.456,0.456,1.900,0.857,0.456,1.700,0.897,0.456,1.700,0.903,0.456,1.800,0.895,0.456
20050321_1223,-24.880,-63.540,572.300,XF.H1110.01,30.066,85.553,152.180,1708.467,1749.610,1763.037,227.000,6.352,0.378,0.457,0.393,0.412,0.445,-1.600,-1.400,0.963,0.967,4.100,0.652,0.652,4.800,0.516,0.652,4.600,0.571,0.652,4.700,0.564,0.652,4.900,0.531,0.652
20050321_1223,-24.880,-63.540,572.300,N.SAGF.,36.255,133.305,161.617,1758.630,1811.145,1828.866,228.000,3.439,0.436,0.339,0.395,0.401,0.390,1.100,1.100,0.800,0.793,0.600,0.785,0.785,2.100,0.835,0.785,1.700,0.810,0.785,1.500,0.808,0.785,1.600,0.814,0.785
20050321_1223,-24.880,-63.540,572.300,II.DGAR.00,-7.412,72.452,126.354,1556.428,1573.222,1578.253,229.000,2.275,0.186,0.104,0.074,0.067,0.101,-2.200,1.200,0.891,-0.533,-3.000,0.792,0.792,-3.100,0.798,0.792,-3.300,0.837,0.792,-3.300,0.840,0.792,-3.100,0.804,0.792
20050321_1223,-24.880,-63.540,572.300,N.TASF.,31.195,130.909,165.786,1779.898,1837.809,1857.626,230.000,4.929,0.330,0.374,0.392,0.392,0.388,1.600,1.800,0.919,0.910,2.200,0.915,0.915,1.800,0.825,0.915,1.700,0.851,0.915,1.700,0.855,0.915,1.800,0.846,0.915
20050321_1223,-24.880,-63.540,572.300,PS.OGS.,27.057,142.203,156.794,1733.348,1779.895,1795.352,231.000,3.123,0.479,0.453,0.471,0.468,0.456,-0.600,-1.100,0.579,0.581,-0.400,0.539,0.539,-1.100,0.570,0.539,-1.600,0.580,0.539,-1.400,0.582,0.539,-1.100,0.577,0.539
20050321_1223,-24.880,-63.540,572.300,XF.H1610.01,33.858,84.263,150.680,1700.229,1739.680,1752.482,232.000,4.679,0.609,0.598,0.561,0.580,0.592,-0.200,4.000,0.802,-0.549,-0.600,0.754,0.754,-0.400,0.682,0.754,-0.900,0.623,0.754,-0.700,0.645,0.754,-0.500,0.669,0.754
20050321_1223,-24.880,-63.540,572.300,N.HJOF.,33.105,139.802,158.051,1740.010,1788.080,1804.112,233.000,1.333,0.315,0.269,0.281,0.280,0.277,8.700,4.200,0.420,-0.776,-0.200,0.721,0.721,-0.100,0.583,0.721,-0.500,0.614,0.721,-0.400,0.618,0.721,-0.200,0.608,0.721
20050321_1223,-24.880,-63.540,572.300,XF.H1030.01,29.483,85.755,152.382,1709.573,1750.947,1764.461,234.000,4.887,0.482,0.551,0.505,0.523,0.545,-0.500,-0.700,0.796,0.788,4.700,0.673,0.673,4.900,0.632,0.673,4.500,0.639,0.673,4.600,0.652,0.673,4.800,0.644,0.673
20050321_1223,-24.880,-63.540,572.300,XF.H1410.01,32.236,84.374,150.993,1701.953,1741.754,1754.684,235.000,4.196,0.411,0.524,0.555,0.545,0.531,-0.700,-1.900,0.660,0.554,7.600,0.526,0.526,-1.700,0.551,0.526,-2.200,0.598,0.526,-2.000,0.588,0.526,-1.800,0.566,0.526
20050321_1223,-24.880,-63.540,572.300,IC.MDJ.00,44.618,129.593,157.572,1737.476,1784.963,1800.775,236.000,2.346,0.291,0.314,0.331,0.339,0.338,-5.700,-1.900,0.460,-0.763,-6.500,0.464,0.464,1.800,0.617,0.464,1.700,0.640,0.464,1.500,0.644,0.464,1.500,0.642,0.464
20050321_1223,-24.880,-63.540,572.300,XF.H1260.01,31.155,85.012,151.639,1705.507,1746.037,1759.236,237.000,7.198,0.487,0.640,0.622,0.645,0.647,-0.800,-0.700,0.976,0.978,6.100,0.525,0.525,-1.000,0.693,0.525,-1.700,0.774,0.525,-1.400,0.771,0.525,-1.100,0.728,0.525
20050321_1223,-24.880,-63.540,572.300,XG.CHDE.02,41.016,117.917,163.818,1769.924,1825.265,1844.075,238.000,2.405,0.134,0.157,0.142,0.133,0.130,1.000,-4.100,0.854,-0.351,2.600,0.581,0.581,0.200,0.378,0.581,-0.400,0.456,0.581,-0.900,0.543,0.581,-0.800,0.506,0.581
20050321_1223,-24.880,-63.540,572.300,AU.WB2.,-19.943,134.351,131.917,1591.011,1612.138,1618.558,239.000,3.633,0.528,0.575,0.578,0.576,0.577,0.700,0.700,0.765,0.669,0.000,0.691,0.691,0.200,0.722,0.691,0.300,0.719,0.691,0.000,0.712,0.691,0.100,0.714,0.691
20050321_1223,-24.880,-63.540,572.300,AU.COEN.,-13.956,143.176,133.232,1599.043,1621.266,1628.051,240.000,2.847,0.413,0.506,0.513,0.535,0.530,1.900,2.300,0.849,0.786,1.800,0.855,0.855,1.700,0.873,0.855,1.600,0.876,0.855,1.400,0.885,0.855,1.400,0.884,0.855
20050321_1223,-24.880,-63.540,572.300,XF.H1620.01,33.966,84.223,150.630,1699.955,1739.351,1752.132,241.000,3.631,0.537,0.493,0.459,0.474,0.485,0.000,0.900,0.639,0.547,7.600,0.594,0.594,8.700,0.484,0.594,8.500,0.452,0.594,0.100,0.450,0.594,8.700,0.470,0.594
20050321_1223,-24.880,-63.540,572.300,XF.H1570.01,33.422,84.263,150.747,1700.599,1740.125,1752.954,242.000,2.608,0.562,0.567,0.537,0.546,0.561,-0.100,-0.300,0.854,0.792,-0.400,0.587,0.587,-0.400,0.668,0.587,-0.800,0.664,0.587,-0.700,0.669,0.587,-0.500,0.669,0.587
