evtid,evla,evlo,evdp,station,stla,stlo,gcarc,s2ks,s3ks,s4ks,tridx,snr,ccf1,ccf2,ccf3,ccf4,ccf5,t32_cc,t32_pp,ccf_cc,ccf_pp,t32_fw1,ccf_fw1,ccf_sg1,t32_fw2,ccf_fw2,ccf_sg2,t32_fw3,ccf_fw3,ccf_sg3,t32_fw4,ccf_fw4,ccf_sg4,t32_fw5,ccf_fw5,ccf_sg5,auto_selected
20100724_0535,6.23,123.56,556.4,LD.PAL.,41.006,-73.908,130.12,1582.718,1602.348,1608.276,0.0,2.22,0.611,0.634,0.633,0.621,0.619,0.2,0.3,0.942,0.932,-0.7,0.816,0.816,-0.4,0.822,0.816,-0.5,0.822,0.816,-0.7,0.817,0.816,-0.7,0.817,0.816,1
20100724_0535,6.23,123.56,556.4,NE.HNH.,43.705,-72.286,128.05,1569.84,1587.861,1593.276,1.0,1.058,0.357,0.349,0.35,0.353,0.351,0.2,0.4,0.515,0.559,-0.5,0.856,0.856,-0.2,0.848,0.856,-0.3,0.848,0.856,-0.5,0.849,0.856,-0.5,0.85,0.856,0
20100724_0535,6.23,123.56,556.4,NE.EMMW.,44.71,-67.458,128.105,1570.187,1588.252,1593.679,2.0,1.163,0.165,0.186,0.185,0.174,0.168,6.6,-4.4,0.636,-0.616,-1.8,0.496,0.496,-1.6,0.492,0.496,-1.6,0.493,0.496,-1.8,0.489,0.496,-1.8,0.489,0.496,0
20100724_0535,6.23,123.56,556.4,XH.ESP02.01,-29.456,-64.051,155.69,1730.27,1775.435,1790.369,3.0,4.76,0.593,0.645,0.661,0.687,0.686,1.3,1.4,0.954,0.955,0.7,0.885,0.885,0.9,0.952,0.885,0.8,0.947,0.885,0.5,0.934,0.885,0.5,0.935,0.885,1
20100724_0535,6.23,123.56,556.4,US.LONY.,44.62,-74.583,126.597,1560.725,1577.654,1582.726,4.0,4.443,0.498,0.545,0.541,0.53,0.531,-0.8,-0.8,0.745,0.717,-1.2,0.664,0.664,-1.0,0.671,0.664,-1.1,0.67,0.664,-1.1,0.667,0.664,-1.1,0.667,0.664,1
20100724_0535,6.23,123.56,556.4,TA.236A.,32.0,-96.531,125.976,1556.807,1573.281,1578.212,5.0,3.834,0.573,0.586,0.581,0.574,0.572,0.2,0.4,0.915,0.92,-0.4,0.871,0.871,-0.4,0.874,0.871,-0.5,0.871,0.871,-0.5,0.87,0.871,-0.5,0.869,0.871,1
20100724_0535,6.23,123.56,556.4,TA.Y39A.,33.938,-94.094,126.326,1559.019,1575.749,1580.759,6.0,2.325,0.569,0.601,0.587,0.575,0.574,-0.2,0.0,0.913,0.902,-0.8,0.663,0.663,-0.7,0.668,0.663,-0.9,0.668,0.663,-0.9,0.669,0.663,-1.0,0.669,0.663,1
20100724_0535,6.23,123.56,556.4,CX.PB11.,-19.761,-69.656,161.346,1760.055,1812.16,1829.721,7.0,2.386,0.557,0.486,0.507,0.516,0.506,1.2,1.0,0.668,0.669,1.1,0.721,0.721,0.7,0.66,0.721,0.6,0.682,0.721,0.4,0.702,0.721,0.7,0.68,0.721,1
20100724_0535,6.23,123.56,556.4,Z9.W10.,31.903,-83.894,133.752,1604.985,1627.6,1634.514,8.0,1.733,0.436,0.463,0.45,0.436,0.436,-7.0,-4.2,0.541,-0.23,-0.2,0.42,0.42,-0.4,0.42,0.42,-0.6,0.426,0.42,-0.8,0.425,0.42,-0.8,0.424,0.42,0
20100724_0535,6.23,123.56,556.4,TA.339A.,31.333,-94.556,127.707,1567.695,1585.455,1590.787,9.0,2.277,0.541,0.574,0.584,0.587,0.589,1.1,0.9,0.784,0.841,0.4,0.892,0.892,0.4,0.873,0.892,0.2,0.871,0.892,0.1,0.867,0.892,0.2,0.866,0.892,1
20100724_0535,6.23,123.56,556.4,XY.U65B.,-34.964,-71.789,147.973,1687.981,1724.404,1736.098,10.0,1.1,0.216,0.34,0.338,0.329,0.329,-3.8,4.1,0.572,-0.427,-4.1,0.499,0.499,-4.5,0.481,0.499,-4.6,0.48,0.499,-4.9,0.484,0.499,-4.9,0.482,0.499,0
20100724_0535,6.23,123.56,556.4,TA.134A.,32.573,-98.079,124.586,1547.995,1563.478,1568.101,11.0,5.776,0.747,0.667,0.672,0.674,0.677,0.7,0.8,0.79,0.824,0.3,0.865,0.865,0.1,0.855,0.865,-0.1,0.867,0.865,-0.1,0.876,0.865,-0.1,0.873,0.865,1
20100724_0535,6.23,123.56,556.4,GE.BOAB.,12.449,-85.666,145.462,1673.805,1707.561,1718.303,12.0,2.868,0.416,0.492,0.476,0.474,0.478,-0.8,-0.1,0.432,0.52,-0.6,0.671,0.671,-0.8,0.725,0.671,-1.4,0.67,0.671,-1.5,0.666,0.671,-1.4,0.672,0.671,0
20100724_0535,6.23,123.56,556.4,TA.637A.,29.439,-96.332,127.655,1567.368,1585.089,1590.409,13.0,4.111,0.578,0.543,0.532,0.523,0.526,0.5,0.7,0.821,0.812,0.1,0.954,0.954,0.0,0.984,0.954,-0.2,0.986,0.954,-0.2,0.985,0.954,-0.3,0.984,0.954,1
20100724_0535,6.23,123.56,556.4,TA.432A.,30.875,-99.794,124.382,1546.695,1562.036,1566.614,14.0,10.421,0.637,0.562,0.564,0.571,0.565,0.4,-3.5,0.687,-0.565,-0.4,0.566,0.566,-0.5,0.511,0.566,-0.6,0.507,0.566,-0.6,0.514,0.566,-0.6,0.512,0.566,1
20100724_0535,6.23,123.56,556.4,YM.V04.,-39.388,-71.941,144.019,1665.57,1697.832,1708.049,15.0,1.616,0.224,0.282,0.279,0.264,0.268,6.4,-1.8,0.686,0.647,-3.4,0.552,0.552,-3.4,0.584,0.552,-3.5,0.589,0.552,-3.9,0.597,0.552,-3.8,0.596,0.552,0
20100724_0535,6.23,123.56,556.4,IU.BBSR.10,32.371,-64.696,140.606,1645.808,1674.675,1683.713,16.0,2.11,0.248,0.267,0.271,0.285,0.286,1.1,1.6,0.883,0.877,0.7,0.731,0.731,1.0,0.743,0.731,1.0,0.751,0.731,0.7,0.78,0.731,0.6,0.776,0.731,0
20100724_0535,6.23,123.56,556.4,TA.ABTX.,32.624,-99.643,123.49,1540.999,1555.726,1560.115,17.0,7.466,0.643,0.638,0.632,0.632,0.636,-0.8,-0.5,0.903,0.926,-1.5,0.648,0.648,-1.1,0.747,0.648,-1.2,0.742,0.648,-1.2,0.734,0.648,-1.1,0.736,0.648,1
20100724_0535,6.23,123.56,556.4,TA.239A.,32.018,-94.471,127.328,1565.323,1582.798,1588.041,18.0,3.644,0.625,0.688,0.691,0.695,0.688,-0.1,-0.1,0.887,0.893,-0.5,0.76,0.76,-0.5,0.725,0.76,-0.7,0.716,0.76,-0.8,0.713,0.76,-0.8,0.714,0.76,1
20100724_0535,6.23,123.56,556.4,IU.WVT.,36.13,-87.83,128.42,1572.15,1590.455,1595.959,19.0,3.149,0.669,0.65,0.652,0.657,0.654,0.5,0.7,0.752,0.811,0.2,0.831,0.831,0.2,0.823,0.831,0.1,0.823,0.831,0.0,0.823,0.831,0.0,0.823,0.831,1
20100724_0535,6.23,123.56,556.4,Z9.W15B.,32.138,-83.898,133.568,1603.862,1626.321,1633.182,20.0,3.055,0.546,0.578,0.583,0.578,0.575,-0.6,0.0,0.581,0.54,-0.3,0.555,0.555,-0.4,0.602,0.555,-0.5,0.597,0.555,-0.8,0.573,0.555,-0.9,0.573,0.555,1
20100724_0535,6.23,123.56,556.4,LD.FOR.,40.86,-73.885,130.26,1583.587,1603.329,1609.292,21.0,2.727,0.546,0.564,0.563,0.557,0.552,-0.1,0.4,0.886,0.824,-1.2,0.629,0.629,-0.8,0.633,0.629,-0.9,0.634,0.629,-1.1,0.642,0.629,-1.2,0.644,0.629,1
20100724_0535,6.23,123.56,556.4,TA.R37A.,38.313,-94.829,122.963,1537.617,1551.987,1556.266,22.0,5.582,0.489,0.465,0.473,0.485,0.483,0.3,0.4,0.921,0.964,-0.3,0.677,0.677,0.2,0.775,0.677,0.0,0.784,0.677,0.0,0.8,0.677,0.1,0.799,0.677,1
20100724_0535,6.23,123.56,556.4,CX.PSGCX.,-19.597,-70.123,161.143,1759.006,1810.855,1828.318,23.0,3.613,0.365,0.51,0.5,0.495,0.506,1.0,0.6,0.491,0.483,0.4,0.331,0.331,-0.6,0.358,0.331,-0.6,0.377,0.331,-0.6,0.388,0.331,-0.6,0.373,0.331,0
20100724_0535,6.23,123.56,556.4,TA.V30A.,35.762,-100.689,120.957,1524.679,1537.741,1541.62,24.0,2.59,0.509,0.472,0.463,0.464,0.47,-0.6,-4.6,0.8,-0.465,-0.6,0.572,0.572,-1.2,0.557,0.572,-1.4,0.573,0.572,-1.4,0.574,0.572,-1.3,0.578,0.572,1
20100724_0535,6.23,123.56,556.4,TA.933A.,27.613,-99.275,126.559,1560.49,1577.391,1582.455,25.0,3.932,0.436,0.501,0.521,0.532,0.524,-0.5,0.1,0.516,0.499,1.6,0.571,0.571,1.6,0.529,0.571,1.3,0.529,0.571,1.4,0.529,0.571,1.4,0.527,0.571,1
20100724_0535,6.23,123.56,556.4,TA.MSTX.,33.97,-102.772,120.572,1522.179,1534.997,1538.801,26.0,4.72,0.471,0.406,0.396,0.401,0.4,-2.5,-2.6,0.461,0.305,2.7,0.624,0.624,2.8,0.555,0.624,2.7,0.558,0.624,2.9,0.538,0.624,2.8,0.548,0.624,0
20100724_0535,6.23,123.56,556.4,YZ.POPE.,10.063,-85.263,146.99,1682.45,1717.82,1729.135,27.0,5.845,0.748,0.537,0.535,0.536,0.542,0.3,0.5,0.91,0.909,-0.1,0.909,0.909,-0.2,0.849,0.909,-0.9,0.897,0.909,-0.9,0.899,0.909,-0.7,0.889,0.909,1
20100724_0535,6.23,123.56,556.4,PE.PSUB.,39.927,-75.451,130.625,1585.837,1605.869,1611.927,28.0,1.279,0.424,0.389,0.391,0.396,0.389,-1.1,-0.8,0.918,0.898,-1.8,0.57,0.57,-1.7,0.564,0.57,-1.8,0.565,0.57,-2.0,0.569,0.57,-2.0,0.569,0.57,0
20100724_0535,6.23,123.56,556.4,TA.T35A.,36.916,-96.512,122.89,1537.148,1551.47,1555.734,29.0,3.373,0.615,0.488,0.495,0.502,0.501,0.4,0.7,0.883,0.877,0.1,0.713,0.713,0.7,0.819,0.713,0.6,0.817,0.713,0.6,0.811,0.713,0.7,0.814,0.713,1
20100724_0535,6.23,123.56,556.4,TA.N34A.,40.838,-96.501,120.309,1520.473,1533.127,1536.881,30.0,4.876,0.524,0.53,0.523,0.52,0.518,-0.4,-4.5,0.824,-0.388,4.5,0.57,0.57,-0.9,0.52,0.57,-1.0,0.53,0.57,-0.9,0.53,0.57,-1.0,0.527,0.57,1
20100724_0535,6.23,123.56,556.4,NM.PBMO.,36.778,-90.43,126.527,1560.289,1577.167,1582.224,31.0,3.223,0.6,0.677,0.681,0.681,0.682,0.8,0.9,0.975,0.961,0.2,0.973,0.973,0.4,0.983,0.973,0.3,0.984,0.973,0.2,0.986,0.973,0.2,0.986,0.973,1
20100724_0535,6.23,123.56,556.4,CX.PB09.,-21.796,-69.242,160.115,1753.661,1804.216,1821.186,32.0,2.388,0.479,0.476,0.495,0.508,0.502,1.1,0.9,0.889,0.91,0.7,0.913,0.913,0.7,0.899,0.913,0.5,0.9,0.913,0.2,0.901,0.913,0.5,0.904,0.913,1
20100724_0535,6.23,123.56,556.4,US.TZTN.00,36.544,-83.549,130.263,1583.604,1603.348,1609.312,33.0,3.75,0.592,0.611,0.611,0.616,0.612,0.5,0.6,0.847,0.861,-0.4,0.953,0.953,-0.1,0.942,0.953,-0.1,0.942,0.953,-0.3,0.941,0.953,-0.3,0.941,0.953,1
20100724_0535,6.23,123.56,556.4,NE.BRYW.,41.917,-71.538,129.918,1581.467,1600.937,1606.813,34.0,2.45,0.519,0.534,0.532,0.522,0.526,0.7,-3.2,0.648,-0.594,-0.4,0.849,0.849,-0.2,0.855,0.849,-0.3,0.857,0.849,-0.5,0.86,0.849,-0.4,0.861,0.849,1
20100724_0535,6.23,123.56,556.4,TA.W38A.,35.07,-94.518,125.317,1552.637,1568.636,1573.419,35.0,5.521,0.508,0.445,0.456,0.462,0.459,1.3,1.7,0.69,0.748,1.3,0.815,0.815,1.3,0.795,0.815,1.2,0.784,0.815,1.1,0.781,0.815,1.1,0.782,0.815,1
20100724_0535,6.23,123.56,556.4,TA.Z38A.,33.26,-94.985,126.201,1558.231,1574.87,1579.852,36.0,1.542,0.308,0.332,0.321,0.31,0.311,5.0,5.1,0.66,0.656,4.6,0.713,0.713,4.6,0.727,0.713,4.5,0.73,0.713,4.4,0.732,0.713,4.4,0.732,0.713,0
20100724_0535,6.23,123.56,556.4,YZ.MANS.,10.099,-85.381,146.871,1681.781,1717.024,1728.295,37.0,8.92,0.715,0.418,0.458,0.463,0.448,1.7,1.9,0.806,0.789,1.2,0.898,0.898,1.2,0.784,0.898,0.5,0.819,0.898,0.5,0.825,0.898,0.6,0.814,0.898,1
20100724_0535,6.23,123.56,556.4,TA.U29A.,36.452,-101.27,120.172,1519.583,1532.152,1535.88,38.0,4.425,0.383,0.45,0.445,0.457,0.452,-0.2,3.0,0.584,-0.527,-0.9,0.533,0.533,-0.8,0.546,0.533,-0.9,0.579,0.533,-0.8,0.584,0.533,-0.8,0.58,0.533,1
20100724_0535,6.23,123.56,556.4,US.NATX.,31.76,-94.661,127.368,1565.57,1583.074,1588.326,39.0,0.346,0.031,0.026,0.028,0.031,0.03,9.6,-3.8,0.546,-0.99,-8.8,0.506,0.506,-8.8,0.489,0.506,-9.0,0.483,0.506,-9.0,0.479,0.506,-9.1,0.481,0.506,0
20100724_0535,6.23,123.56,556.4,NE.WES.,42.385,-71.322,129.531,1579.065,1598.23,1604.009,40.0,2.046,0.466,0.458,0.458,0.456,0.456,0.6,1.1,0.915,0.933,0.1,0.604,0.604,0.3,0.6,0.604,0.2,0.599,0.604,0.1,0.592,0.604,0.0,0.594,0.604,1
20100724_0535,6.23,123.56,556.4,LD.NPNY.,41.755,-74.144,129.361,1578.015,1597.048,1602.784,41.0,3.241,0.629,0.629,0.63,0.624,0.625,-0.3,0.7,0.822,0.678,-0.5,0.711,0.711,-0.2,0.721,0.711,-0.3,0.72,0.711,-0.5,0.708,0.711,-0.5,0.71,0.711,1
20100724_0535,6.23,123.56,556.4,TA.Y38A.,33.928,-94.731,125.932,1556.532,1572.974,1577.895,42.0,2.442,0.273,0.264,0.265,0.264,0.262,0.8,0.7,0.898,0.893,0.1,0.677,0.677,0.2,0.707,0.677,0.1,0.702,0.677,0.0,0.702,0.677,0.0,0.7,0.677,0
20100724_0535,6.23,123.56,556.4,XE.GS06.,-0.68,-91.204,144.874,1670.455,1703.598,1714.124,43.0,1.176,0.375,0.343,0.343,0.368,0.348,1.2,-4.3,0.677,0.481,-5.1,0.685,0.685,-5.0,0.7,0.685,0.0,0.663,0.685,0.4,0.66,0.685,-5.2,0.69,0.685,0
20100724_0535,6.23,123.56,556.4,TA.539A.,30.108,-94.724,128.36,1571.777,1590.036,1595.525,44.0,1.671,0.479,0.473,0.484,0.496,0.487,0.9,0.8,0.836,0.879,0.1,0.951,0.951,0.0,0.962,0.951,-0.2,0.967,0.951,-0.2,0.968,0.951,-0.2,0.967,0.951,0
20100724_0535,6.23,123.56,556.4,TA.530A.,30.149,-101.338,123.671,1542.153,1557.004,1561.43,45.0,7.709,0.673,0.64,0.631,0.631,0.63,-0.3,-0.5,0.888,0.846,-0.9,0.759,0.759,-0.7,0.764,0.759,-0.9,0.775,0.759,-0.8,0.781,0.759,-0.8,0.777,0.759,1
20100724_0535,6.23,123.56,556.4,TA.T30A.,37.053,-100.527,120.296,1520.39,1533.036,1536.787,46.0,3.847,0.612,0.59,0.584,0.584,0.587,0.0,0.1,0.859,0.874,-0.3,0.704,0.704,-0.3,0.763,0.704,-0.4,0.777,0.704,-0.3,0.785,0.704,-0.3,0.789,0.704,1
20100724_0535,6.23,123.56,556.4,CN.LMQ.,47.549,-70.326,124.841,1549.616,1565.278,1569.956,47.0,2.274,0.2,0.168,0.173,0.184,0.187,2.8,-4.3,0.614,0.719,-4.8,0.757,0.757,-4.6,0.772,0.757,-4.6,0.769,0.757,-4.6,0.762,0.757,-4.7,0.764,0.757,0
20100724_0535,6.23,123.56,556.4,IU.LCO.,-29.011,-70.7,153.535,1718.652,1761.291,1775.273,48.0,1.53,0.32,0.214,0.216,0.208,0.202,-0.1,-5.2,0.603,-0.586,-1.8,0.681,0.681,-1.6,0.639,0.681,-1.6,0.64,0.681,-1.9,0.646,0.681,-1.9,0.645,0.681,0
20100724_0535,6.23,123.56,556.4,US.LRAL.,33.04,-86.998,131.181,1589.265,1609.744,1615.948,49.0,3.504,0.581,0.576,0.571,0.568,0.574,1.2,0.1,0.654,0.43,0.3,0.583,0.583,0.4,0.545,0.583,0.2,0.541,0.583,-0.1,0.529,0.583,0.0,0.531,0.583,1
20100724_0535,6.23,123.56,556.4,TA.434A.,30.814,-98.269,125.491,1553.743,1569.868,1574.69,50.0,3.84,0.55,0.544,0.532,0.532,0.535,-0.3,0.2,0.8,0.761,-0.3,0.73,0.73,-0.5,0.716,0.73,-0.8,0.704,0.73,-0.8,0.699,0.73,-0.7,0.699,0.73,1
20100724_0535,6.23,123.56,556.4,TA.U31A.,36.369,-99.851,121.14,1525.866,1539.045,1542.959,51.0,4.366,0.65,0.561,0.552,0.566,0.559,-0.2,0.1,0.901,0.889,-0.3,0.669,0.669,-0.6,0.504,0.669,-0.9,0.537,0.669,-0.9,0.55,0.669,-0.9,0.544,0.669,1
20100724_0535,6.23,123.56,556.4,TA.X28A.,34.519,-102.197,120.662,1522.766,1535.641,1539.463,52.0,4.459,0.534,0.5,0.513,0.527,0.533,-0.6,-0.4,0.782,0.858,-0.8,0.643,0.643,-1.2,0.621,0.643,-1.3,0.655,0.643,-1.2,0.664,0.643,-1.1,0.663,0.643,1
20100724_0535,6.23,123.56,556.4,CX.PB07.,-21.727,-69.886,159.773,1751.879,1802.008,1818.817,53.0,5.285,0.467,0.547,0.561,0.571,0.559,-0.5,2.6,0.627,0.466,2.0,0.695,0.695,1.6,0.653,0.695,1.4,0.667,0.695,1.2,0.683,0.695,1.4,0.669,0.695,1
20100724_0535,6.23,123.56,556.4,TA.229A.,31.967,-101.811,122.344,1533.643,1547.603,1551.755,54.0,3.399,0.463,0.553,0.546,0.545,0.542,-1.0,2.9,0.802,-0.733,-1.5,0.754,0.754,-1.2,0.532,0.754,-1.7,0.52,0.754,-1.8,0.514,0.754,-1.8,0.509,0.754,1
20100724_0535,6.23,123.56,556.4,NM.USIN.,37.965,-87.666,127.116,1563.991,1581.307,1586.5,55.0,0.334,0.014,0.04,0.041,0.042,0.043,10.7,-3.4,0.334,-0.98,-8.7,0.576,0.576,-8.5,0.566,0.576,-8.6,0.566,0.576,-8.8,0.565,0.576,-8.7,0.565,0.576,0
20100724_0535,6.23,123.56,556.4,TA.W36A.,35.139,-96.226,124.209,1545.595,1560.816,1565.357,56.0,2.414,0.526,0.597,0.589,0.584,0.591,0.0,0.1,0.607,0.67,-0.3,0.794,0.794,-0.4,0.814,0.794,-0.5,0.817,0.794,-0.6,0.825,0.794,-0.5,0.825,0.794,1
20100724_0535,6.23,123.56,556.4,IU.SSPA.10,40.636,-77.888,129.159,1576.754,1595.63,1601.315,57.0,3.456,0.64,0.655,0.656,0.657,0.659,1.0,1.0,0.894,0.917,0.2,0.888,0.888,0.3,0.895,0.888,0.3,0.895,0.888,0.1,0.893,0.888,0.2,0.893,0.888,1
20100724_0535,6.23,123.56,556.4,TA.S37A.,37.76,-94.828,123.337,1540.02,1554.644,1559.0,58.0,4.054,0.632,0.587,0.584,0.584,0.585,-0.1,0.1,0.976,0.957,-0.6,0.766,0.766,-0.2,0.781,0.766,-0.3,0.78,0.766,-0.3,0.78,0.766,-0.2,0.781,0.766,1
20100724_0535,6.23,123.56,556.4,TA.135A.,32.557,-97.41,125.047,1550.922,1566.73,1571.453,59.0,3.798,0.707,0.691,0.69,0.685,0.683,0.4,0.7,0.804,0.767,0.3,0.862,0.862,0.2,0.805,0.862,0.0,0.79,0.862,-0.1,0.784,0.862,-0.1,0.784,0.862,1
20100724_0535,6.23,123.56,556.4,TA.T37A.,37.123,-94.918,123.712,1542.418,1557.296,1561.732,60.0,3.973,0.603,0.575,0.58,0.568,0.565,0.6,0.9,0.905,0.95,0.2,0.826,0.826,0.6,0.84,0.826,0.5,0.836,0.826,0.5,0.833,0.826,0.6,0.834,0.826,1
20100724_0535,6.23,123.56,556.4,TA.V32A.,35.72,-99.044,122.053,1531.763,1545.531,1549.625,61.0,5.877,0.58,0.595,0.593,0.587,0.59,-0.1,0.0,0.849,0.82,-0.3,0.934,0.934,-0.1,0.826,0.934,-0.3,0.802,0.934,-0.4,0.779,0.934,-0.3,0.789,0.934,1
20100724_0535,6.23,123.56,556.4,PR.PCDR.,18.514,-68.381,152.596,1713.551,1755.109,1768.687,62.0,2.285,0.245,0.359,0.355,0.344,0.346,-7.3,-2.7,0.482,-0.249,-0.1,0.595,0.595,-0.1,0.625,0.595,-0.1,0.63,0.595,-0.5,0.63,0.595,-0.4,0.634,0.595,0
20100724_0535,6.23,123.56,556.4,YM.V08.,-39.449,-71.975,143.953,1665.19,1697.384,1707.578,63.0,1.655,0.442,0.464,0.456,0.435,0.441,0.5,0.7,0.95,0.971,-0.1,0.834,0.834,-0.1,0.785,0.834,-0.2,0.797,0.834,-0.7,0.818,0.834,-0.6,0.812,0.834,0
20100724_0535,6.23,123.56,556.4,TA.Z33A.,33.286,-98.765,123.699,1542.336,1557.205,1561.638,64.0,8.383,0.626,0.619,0.625,0.631,0.637,-0.7,-0.2,0.878,0.894,-1.4,0.685,0.685,-1.1,0.777,0.685,-1.1,0.776,0.685,-1.1,0.774,0.685,-1.1,0.775,0.685,1
20100724_0535,6.23,123.56,556.4,CN.SADO.,44.77,-79.141,125.075,1551.105,1566.933,1571.662,65.0,4.175,0.338,0.341,0.34,0.344,0.345,1.6,-5.4,0.347,0.434,-6.1,0.578,0.578,-5.9,0.585,0.578,-5.9,0.586,0.578,-5.9,0.583,0.578,-5.9,0.582,0.578,0
20100724_0535,6.23,123.56,556.4,CX.PB14.,-24.626,-70.404,157.249,1738.581,1785.614,1801.25,66.0,2.458,0.553,0.572,0.561,0.553,0.564,2.6,2.9,0.75,0.645,2.3,0.697,0.697,2.1,0.787,0.697,1.9,0.785,0.697,1.6,0.778,0.697,1.8,0.777,0.697,1
20100724_0535,6.23,123.56,556.4,TA.O34A.,40.183,-96.694,120.637,1522.606,1535.466,1539.283,67.0,4.048,0.48,0.531,0.53,0.528,0.529,0.5,0.6,0.696,0.679,5.1,0.589,0.589,0.5,0.633,0.589,0.3,0.61,0.589,0.3,0.594,0.589,0.4,0.597,0.589,1
20100724_0535,6.23,123.56,556.4,XH.ESP08.01,-31.597,-64.55,153.523,1718.589,1761.214,1775.191,68.0,2.998,0.718,0.709,0.714,0.726,0.723,1.0,0.8,0.883,0.848,0.5,0.874,0.874,0.8,0.883,0.874,0.8,0.887,0.874,0.5,0.895,0.874,0.5,0.893,0.874,1
20100724_0535,6.23,123.56,556.4,LD.CUNY.,40.735,-73.818,130.396,1584.424,1604.274,1610.272,69.0,0.526,0.192,0.183,0.183,0.181,0.18,-0.7,-0.9,0.421,0.604,-0.8,0.32,0.32,-0.7,0.329,0.32,-0.7,0.324,0.32,-1.0,0.307,0.32,-1.0,0.306,0.32,0
20100724_0535,6.23,123.56,556.4,Z9.W14.,32.094,-83.899,133.602,1604.07,1626.557,1633.428,70.0,3.969,0.559,0.612,0.603,0.59,0.588,0.5,0.8,0.75,0.782,-0.3,0.798,0.798,-0.3,0.829,0.798,-0.4,0.822,0.798,-0.7,0.811,0.798,-0.7,0.811,0.798,1
20100724_0535,6.23,123.56,556.4,TA.O36A.,40.132,-94.965,121.646,1529.14,1542.644,1546.657,71.0,1.782,0.555,0.489,0.488,0.479,0.478,0.7,0.6,0.264,0.203,0.3,0.637,0.637,0.3,0.827,0.637,0.1,0.834,0.637,0.0,0.825,0.637,0.1,0.821,0.637,0
20100724_0535,6.23,123.56,556.4,TA.538A.,30.222,-95.49,127.767,1568.074,1585.881,1591.228,72.0,5.542,0.613,0.575,0.592,0.596,0.593,1.6,1.6,0.861,0.899,1.0,0.92,0.92,1.0,0.909,0.92,0.7,0.911,0.92,0.6,0.914,0.92,0.6,0.912,0.92,1
20100724_0535,6.23,123.56,556.4,TA.734A.,28.847,-98.558,126.408,1559.534,1576.324,1581.353,73.0,2.571,0.603,0.633,0.637,0.639,0.637,0.5,0.6,0.95,0.971,0.2,0.887,0.887,0.1,0.91,0.887,-0.1,0.921,0.887,-0.1,0.923,0.887,-0.1,0.922,0.887,1
20100724_0535,6.23,123.56,556.4,TA.T34A.,37.022,-97.188,122.408,1534.051,1548.052,1552.218,74.0,3.674,0.477,0.546,0.549,0.551,0.553,0.1,0.5,0.831,0.839,-0.5,0.573,0.573,0.3,0.673,0.573,0.1,0.659,0.573,0.1,0.637,0.573,0.2,0.647,0.573,1
20100724_0535,6.23,123.56,556.4,XE.GS07.,-0.788,-91.425,144.675,1669.318,1702.254,1712.707,75.0,1.198,0.167,0.141,0.064,0.106,0.138,-2.1,-2.1,0.625,0.695,3.5,0.517,0.517,-2.2,0.492,0.517,2.6,0.542,0.517,3.0,0.521,0.517,-2.3,0.486,0.517,0
20100724_0535,6.23,123.56,556.4,CN.ICQ.,49.522,-67.271,123.455,1540.77,1555.473,1559.854,76.0,1.366,0.32,0.358,0.356,0.36,0.355,-1.0,-1.1,0.906,0.937,-1.4,0.844,0.844,-1.1,0.852,0.844,-1.1,0.852,0.844,-1.2,0.849,0.844,-1.3,0.847,0.844,0
20100724_0535,6.23,123.56,556.4,TA.Y31A.,33.963,-100.261,122.293,1533.313,1547.239,1551.381,77.0,4.327,0.623,0.6,0.62,0.629,0.63,0.3,0.3,0.906,0.959,0.1,0.837,0.837,0.4,0.833,0.837,0.2,0.828,0.837,0.2,0.823,0.837,0.3,0.827,0.837,1
20100724_0535,6.23,123.56,556.4,TA.431A.,30.682,-100.608,123.908,1543.673,1558.686,1563.163,78.0,4.8,0.584,0.584,0.6,0.615,0.607,-0.2,0.0,0.671,0.644,5.3,0.538,0.538,-0.7,0.478,0.538,-0.8,0.486,0.538,-0.7,0.496,0.538,-0.7,0.491,0.538,0
20100724_0535,6.23,123.56,556.4,TA.T32A.,37.18,-98.925,121.233,1526.465,1539.702,1543.634,79.0,3.502,0.683,0.623,0.628,0.646,0.641,-0.1,0.2,0.846,0.871,-0.1,0.859,0.859,-0.1,0.735,0.859,-0.4,0.712,0.859,-0.4,0.714,0.859,-0.4,0.712,0.859,1
20100724_0535,6.23,123.56,556.4,TA.534A.,30.028,-98.475,125.799,1555.688,1572.033,1576.924,80.0,2.685,0.663,0.616,0.611,0.608,0.607,0.5,0.8,0.793,0.765,0.1,0.676,0.676,0.1,0.713,0.676,0.0,0.7,0.676,0.0,0.697,0.676,0.0,0.698,0.676,1
20100724_0535,6.23,123.56,556.4,NE.WVL.,44.565,-69.662,127.83,1568.469,1586.323,1591.685,81.0,1.103,0.182,0.195,0.193,0.178,0.186,-3.3,2.9,0.382,-0.631,-2.1,0.556,0.556,-1.9,0.571,0.556,-2.0,0.573,0.556,-2.2,0.578,0.556,-2.1,0.579,0.556,0
20100724_0535,6.23,123.56,556.4,PE.PSWB.,41.305,-76.015,129.196,1576.985,1595.89,1601.584,82.0,2.16,0.126,0.13,0.126,0.132,0.13,1.2,1.4,0.199,0.689,-13.1,0.154,0.154,-12.9,0.15,0.154,-12.9,0.148,0.154,0.5,0.151,0.154,0.6,0.149,0.154,0
20100724_0535,6.23,123.56,556.4,US.VBMS.,32.219,-90.518,129.698,1580.106,1599.403,1605.224,83.0,2.044,0.191,0.235,0.235,0.233,0.226,0.7,-4.9,0.691,-0.109,-9.7,0.656,0.656,-9.7,0.649,0.656,-9.8,0.643,0.656,-9.9,0.633,0.656,-9.9,0.635,0.656,0
20100724_0535,6.23,123.56,556.4,AF.SHAI.,5.881,0.044,122.337,1533.596,1547.551,1551.702,84.0,2.918,0.213,0.253,0.279,0.27,0.263,1.2,-2.2,0.716,-0.618,-6.3,0.68,0.68,0.2,0.693,0.68,0.1,0.763,0.68,0.3,0.73,0.68,0.2,0.72,0.68,0
20100724_0535,6.23,123.56,556.4,TA.Y33A.,34.008,-98.626,123.361,1540.171,1554.811,1559.172,85.0,2.744,0.566,0.524,0.516,0.52,0.524,-0.5,-0.4,0.783,0.862,-1.1,0.642,0.642,-0.7,0.714,0.642,-0.9,0.715,0.642,-0.9,0.723,0.642,-0.8,0.724,0.642,1
20100724_0535,6.23,123.56,556.4,TA.438A.,30.75,-95.474,127.455,1566.116,1583.686,1588.958,86.0,3.66,0.584,0.618,0.623,0.625,0.621,1.0,0.9,0.738,0.834,0.3,0.777,0.777,0.2,0.767,0.777,-0.1,0.772,0.777,-0.1,0.783,0.777,-0.1,0.781,0.777,1
20100724_0535,6.23,123.56,556.4,TA.SFIN.,40.379,-87.097,125.53,1553.991,1570.143,1574.974,87.0,3.344,0.524,0.508,0.508,0.506,0.505,5.9,0.8,0.469,0.301,5.6,0.549,0.549,5.8,0.546,0.549,5.7,0.541,0.549,5.7,0.536,0.549,5.7,0.536,0.549,0
20100724_0535,6.23,123.56,556.4,TA.V33A.,35.821,-98.286,122.477,1534.493,1548.54,1552.72,88.0,3.573,0.543,0.534,0.541,0.542,0.54,0.4,0.7,0.668,0.602,0.4,0.63,0.63,0.7,0.777,0.63,0.7,0.789,0.63,0.7,0.785,0.63,0.6,0.781,0.63,1
20100724_0535,6.23,123.56,556.4,XE.GS05.,-0.722,-91.338,144.749,1669.742,1702.755,1713.235,89.0,1.277,0.077,0.072,0.064,0.081,0.078,-4.0,-4.1,0.679,0.564,-4.2,0.491,0.491,-4.1,0.493,0.491,-5.0,0.439,0.491,-4.7,0.487,0.491,-4.3,0.491,0.491,0
20100724_0535,6.23,123.56,556.4,TA.U33A.,36.433,-98.114,122.206,1532.75,1546.618,1550.743,90.0,2.802,0.504,0.611,0.603,0.593,0.597,0.1,0.4,0.904,0.882,-0.3,0.682,0.682,0.2,0.777,0.682,0.0,0.747,0.682,0.0,0.719,0.682,0.1,0.734,0.682,1
20100724_0535,6.23,123.56,556.4,C.CCH2.,-36.603,-72.078,146.43,1679.29,1714.066,1725.169,91.0,3.024,0.128,0.172,0.152,0.121,0.123,-0.1,3.2,0.856,-0.854,5.7,0.659,0.659,5.6,0.682,0.659,5.4,0.682,0.659,5.1,0.688,0.659,5.1,0.687,0.659,0
20100724_0535,6.23,123.56,556.4,IU.SSPA.00,40.636,-77.888,129.159,1576.754,1595.63,1601.315,92.0,3.425,0.642,0.656,0.658,0.659,0.66,1.0,1.1,0.898,0.915,0.3,0.875,0.875,0.4,0.882,0.875,0.3,0.882,0.875,0.2,0.88,0.875,0.2,0.88,0.875,1
20100724_0535,6.23,123.56,556.4,XE.GS03.,-1.031,-91.223,144.914,1670.683,1703.867,1714.407,93.0,0.938,0.205,0.188,0.159,0.186,0.186,1.5,1.4,0.576,0.497,6.0,0.415,0.415,5.9,0.395,0.415,5.2,0.39,0.415,5.5,0.408,0.415,5.9,0.401,0.415,0
20100724_0535,6.23,123.56,556.4,TA.Y35A.,33.906,-97.037,124.467,1547.235,1562.634,1567.231,94.0,6.282,0.695,0.643,0.634,0.629,0.635,0.0,0.4,0.887,0.866,-0.2,0.818,0.818,-0.4,0.808,0.818,-0.6,0.817,0.818,-0.6,0.823,0.818,-0.6,0.82,0.818,1
20100724_0535,6.23,123.56,556.4,NM.SLM.00,38.636,-90.236,125.278,1552.39,1568.362,1573.136,95.0,3.793,0.664,0.654,0.658,0.659,0.658,0.9,1.1,0.775,0.797,0.5,0.896,0.896,0.4,0.887,0.896,0.4,0.89,0.896,0.4,0.891,0.896,0.3,0.891,0.896,1
20100724_0535,6.23,123.56,556.4,US.NHSC.,33.107,-80.178,134.667,1610.521,1633.923,1641.103,96.0,1.064,0.273,0.331,0.328,0.321,0.327,1.5,1.2,0.419,0.425,1.5,0.318,0.318,1.4,0.318,0.318,1.3,0.322,0.318,1.0,0.317,0.318,1.0,0.319,0.318,0
20100724_0535,6.23,123.56,556.4,XE.GS8A.,-0.979,-91.447,144.685,1669.375,1702.321,1712.778,97.0,1.376,0.139,0.119,0.104,0.112,0.118,-8.5,5.2,0.358,-0.547,-7.5,0.523,0.523,-7.4,0.514,0.523,-8.4,0.502,0.523,-8.0,0.502,0.523,-7.5,0.514,0.523,0
20100724_0535,6.23,123.56,556.4,TA.P36A.,39.62,-95.206,121.86,1530.522,1544.164,1548.22,98.0,3.598,0.433,0.439,0.442,0.442,0.441,0.3,0.4,0.756,0.831,0.2,0.846,0.846,0.4,0.735,0.846,0.2,0.726,0.846,0.1,0.712,0.846,0.2,0.716,0.846,1
20100724_0535,6.23,123.56,556.4,TA.Y30A.,33.877,-100.898,121.911,1530.852,1544.528,1548.593,99.0,15.887,0.71,0.706,0.698,0.696,0.701,-0.3,-0.1,0.948,0.928,-0.6,0.816,0.816,-0.2,0.757,0.816,-0.6,0.708,0.816,-0.8,0.687,0.816,-0.7,0.696,0.816,1
20100724_0535,6.23,123.56,556.4,US.JFWS.HR,42.914,-90.248,122.076,1531.916,1545.699,1549.798,100.0,6.729,0.701,0.73,0.737,0.735,0.738,0.7,1.0,0.87,0.9,0.5,0.748,0.748,0.9,0.719,0.748,0.8,0.705,0.748,0.5,0.681,0.748,0.6,0.689,0.748,1
20100724_0535,6.23,123.56,556.4,US.CBN.,38.205,-77.373,131.49,1591.168,1611.898,1618.185,101.0,2.664,0.555,0.551,0.55,0.534,0.532,-0.1,0.1,0.913,0.913,-0.6,0.949,0.949,-0.6,0.928,0.949,-0.6,0.932,0.949,-0.9,0.939,0.949,-0.9,0.939,0.949,1
20100724_0535,6.23,123.56,556.4,IM.TX32.,29.334,-103.668,122.368,1533.794,1547.768,1551.926,102.0,1.455,0.496,0.49,0.474,0.466,0.469,0.6,0.4,0.946,0.919,0.1,0.933,0.933,-0.2,0.791,0.933,-0.5,0.831,0.933,-0.4,0.835,0.933,-0.4,0.827,0.933,0
20100724_0535,6.23,123.56,556.4,TA.Z35A.,33.331,-97.253,124.68,1548.592,1564.141,1568.784,103.0,1.448,0.372,0.368,0.366,0.366,0.367,0.3,0.5,0.763,0.674,0.2,0.812,0.812,0.0,0.86,0.812,-0.2,0.86,0.812,-0.3,0.86,0.812,-0.2,0.861,0.812,0
20100724_0535,6.23,123.56,556.4,TA.137A.,32.597,-95.756,126.12,1557.721,1574.301,1579.264,104.0,2.461,0.466,0.456,0.436,0.422,0.419,-0.1,-0.3,0.8,0.778,-0.8,0.794,0.794,-0.8,0.817,0.794,-0.9,0.817,0.794,-1.0,0.821,0.794,-1.0,0.82,0.794,1
20100724_0535,6.23,123.56,556.4,TA.X35A.,34.4,-96.973,124.201,1545.543,1560.758,1565.297,105.0,3.715,0.503,0.468,0.461,0.459,0.462,-1.1,-0.5,0.697,0.754,5.1,0.331,0.331,-1.7,0.398,0.331,-1.8,0.393,0.331,-1.8,0.39,0.331,-1.7,0.393,0.331,0
20100724_0535,6.23,123.56,556.4,TA.Y34A.,33.957,-97.757,123.964,1544.03,1559.082,1563.571,106.0,3.584,0.637,0.648,0.643,0.637,0.636,-0.2,0.1,0.646,0.756,-0.5,0.825,0.825,-0.4,0.887,0.825,-0.5,0.887,0.825,-0.5,0.888,0.825,-0.5,0.888,0.825,1
20100724_0535,6.23,123.56,556.4,TA.M35A.,41.466,-95.695,120.329,1520.601,1533.267,1537.025,107.0,5.455,0.661,0.715,0.712,0.714,0.718,0.3,0.3,0.793,0.865,-0.1,0.929,0.929,-0.1,0.984,0.929,-0.1,0.989,0.929,-0.1,0.991,0.929,-0.1,0.992,0.929,1
20100724_0535,6.23,123.56,556.4,US.JFWS.,42.914,-90.248,122.076,1531.916,1545.699,1549.798,108.0,6.57,0.699,0.729,0.735,0.734,0.737,0.7,1.0,0.875,0.901,0.5,0.749,0.749,0.9,0.719,0.749,0.8,0.705,0.749,0.6,0.68,0.749,0.6,0.689,0.749,1
20100724_0535,6.23,123.56,556.4,TA.W30A.,35.182,-100.577,121.372,1527.364,1540.691,1544.65,109.0,4.44,0.695,0.542,0.537,0.549,0.543,0.0,0.2,0.948,0.959,0.0,0.824,0.824,-0.3,0.633,0.824,-0.6,0.646,0.824,-0.6,0.654,0.824,-0.6,0.648,0.824,1
20100724_0535,6.23,123.56,556.4,TA.138A.,32.66,-95.089,126.517,1560.221,1577.091,1582.145,110.0,4.639,0.568,0.554,0.559,0.555,0.551,0.8,0.8,0.769,0.769,-0.1,0.774,0.774,0.0,0.765,0.774,-0.1,0.76,0.774,-0.1,0.749,0.774,-0.2,0.752,0.774,1
20100724_0535,6.23,123.56,556.4,TA.631A.,29.412,-100.576,124.625,1548.241,1563.751,1568.383,111.0,5.189,0.61,0.587,0.566,0.567,0.571,0.0,-0.2,0.835,0.816,-0.5,0.642,0.642,-0.6,0.58,0.642,-0.9,0.569,0.642,-0.8,0.571,0.642,-0.8,0.572,0.642,1
20100724_0535,6.23,123.56,556.4,US.BINY.00,42.199,-75.986,128.397,1572.008,1590.296,1595.794,112.0,1.756,0.425,0.413,0.416,0.424,0.424,2.1,2.2,0.478,0.488,0.9,0.635,0.635,1.2,0.631,0.635,1.1,0.631,0.635,1.0,0.633,0.635,1.0,0.631,0.635,0
20100724_0535,6.23,123.56,556.4,TA.634A.,29.382,-98.352,126.255,1558.573,1575.251,1580.245,113.0,4.375,0.617,0.611,0.59,0.594,0.601,-0.1,0.0,0.905,0.913,-0.6,0.829,0.829,-0.7,0.842,0.829,-0.9,0.835,0.829,-0.9,0.834,0.829,-0.8,0.835,0.829,1
20100724_0535,6.23,123.56,556.4,XE.GS09.,-0.783,-91.11,144.984,1671.081,1704.337,1714.903,114.0,1.017,0.222,0.203,0.247,0.229,0.213,-9.1,-0.6,0.485,-0.67,8.1,0.399,0.399,8.2,0.394,0.399,7.1,0.425,0.399,7.5,0.413,0.399,8.0,0.397,0.399,0
20100724_0535,6.23,123.56,556.4,TA.531A.,30.164,-100.546,124.237,1545.771,1561.011,1565.558,115.0,5.092,0.692,0.571,0.549,0.562,0.571,-0.8,-0.6,0.808,0.804,4.9,0.693,0.693,-1.5,0.703,0.693,-1.6,0.717,0.693,-1.5,0.728,0.693,-1.5,0.727,0.693,1
20100724_0535,6.23,123.56,556.4,TA.440A.,30.746,-93.959,128.475,1572.494,1590.841,1596.358,116.0,1.72,0.237,0.209,0.223,0.23,0.227,2.4,1.4,0.709,0.321,0.6,0.656,0.656,0.7,0.703,0.656,0.5,0.713,0.656,0.4,0.713,0.656,0.4,0.714,0.656,0
20100724_0535,6.23,123.56,556.4,TA.537A.,30.08,-96.315,127.285,1565.049,1582.49,1587.723,117.0,3.298,0.633,0.608,0.598,0.584,0.589,0.4,0.3,0.937,0.925,-0.3,0.967,0.967,-0.4,0.962,0.967,-0.5,0.957,0.967,-0.6,0.956,0.967,-0.6,0.956,0.967,1
20100724_0535,6.23,123.56,556.4,TA.632A.,29.507,-99.786,125.149,1551.574,1567.454,1572.2,118.0,6.244,0.635,0.585,0.57,0.571,0.57,0.0,-0.1,0.875,0.859,-0.5,0.739,0.739,-0.6,0.754,0.739,-0.8,0.725,0.739,-0.8,0.719,0.739,-0.8,0.723,0.739,1
20100724_0535,6.23,123.56,556.4,GT.DBIC.00,6.67,-4.857,126.936,1562.858,1580.039,1585.19,119.0,3.041,0.338,0.467,0.452,0.459,0.464,0.9,0.9,0.8,0.888,0.1,0.752,0.752,0.5,0.639,0.752,-0.5,0.628,0.752,0.0,0.652,0.752,0.2,0.645,0.752,1
20100724_0535,6.23,123.56,556.4,CX.PB10.,-23.513,-70.554,158.022,1742.677,1790.648,1806.639,120.0,1.305,0.352,0.37,0.379,0.38,0.375,0.9,-3.9,0.748,-0.82,-8.8,0.468,0.468,0.2,0.513,0.468,-0.3,0.498,0.468,-0.6,0.492,0.468,-0.4,0.492,0.468,0
20100724_0535,6.23,123.56,556.4,TA.139A.,32.68,-94.393,126.955,1562.978,1580.173,1585.329,121.0,3.045,0.553,0.538,0.541,0.54,0.537,0.7,0.8,0.918,0.921,0.2,0.794,0.794,0.3,0.803,0.794,0.1,0.802,0.794,0.0,0.81,0.794,0.0,0.809,0.794,1
20100724_0535,6.23,123.56,556.4,TA.N35A.,40.861,-95.643,120.771,1523.473,1536.417,1540.26,122.0,5.371,0.55,0.546,0.542,0.55,0.548,0.2,0.5,0.761,0.768,-0.1,0.665,0.665,-0.1,0.709,0.665,-0.1,0.711,0.665,-0.1,0.711,0.665,-0.1,0.708,0.665,1
20100724_0535,6.23,123.56,556.4,TA.934A.,27.602,-98.519,127.127,1564.059,1581.383,1586.578,123.0,3.78,0.367,0.384,0.386,0.384,0.383,1.1,1.6,0.659,0.616,1.7,0.454,0.454,2.2,0.397,0.454,1.7,0.394,0.454,1.6,0.388,0.454,1.8,0.39,0.454,0
20100724_0535,6.23,123.56,556.4,TA.W33A.,35.152,-98.469,122.771,1536.384,1550.626,1554.866,124.0,2.588,0.367,0.356,0.371,0.386,0.378,-1.9,0.8,0.817,0.507,1.1,0.471,0.471,1.0,0.499,0.471,0.9,0.518,0.471,0.8,0.541,0.471,0.8,0.539,0.471,0
20100724_0535,6.23,123.56,556.4,TA.439A.,30.794,-94.766,127.905,1568.937,1586.848,1592.228,125.0,6.281,0.546,0.546,0.542,0.545,0.55,0.1,0.5,0.788,0.731,-0.4,0.827,0.827,-0.6,0.886,0.827,-0.8,0.898,0.827,-0.8,0.902,0.827,-0.8,0.901,0.827,1
20100724_0535,6.23,123.56,556.4,TA.TUL1.,35.91,-95.792,123.983,1544.15,1559.214,1563.707,126.0,4.762,0.508,0.582,0.582,0.58,0.583,0.3,0.4,0.781,0.824,-0.3,0.78,0.78,0.0,0.86,0.78,-0.1,0.857,0.78,-0.2,0.857,0.78,0.0,0.859,0.78,1
20100724_0535,6.23,123.56,556.4,TA.338A.,31.357,-95.311,127.19,1564.453,1581.824,1587.034,127.0,9.938,0.683,0.701,0.691,0.696,0.692,0.4,0.5,0.9,0.971,-0.2,0.882,0.882,-0.3,0.902,0.882,-0.5,0.905,0.882,-0.4,0.91,0.882,-0.5,0.909,0.882,1
20100724_0535,6.23,123.56,556.4,TA.X30A.,34.446,-100.874,121.601,1528.844,1542.318,1546.322,128.0,2.671,0.09,0.097,0.092,0.09,0.088,7.8,-4.6,0.375,-0.958,7.8,0.378,0.378,7.6,0.526,0.378,7.4,0.509,0.378,7.4,0.505,0.378,7.5,0.504,0.378,0
20100724_0535,6.23,123.56,556.4,TA.Q35A.,38.859,-96.037,121.897,1530.759,1544.425,1548.488,129.0,3.285,0.586,0.546,0.545,0.544,0.544,0.2,0.5,0.716,0.801,0.0,0.792,0.792,0.2,0.839,0.792,0.0,0.832,0.792,-0.1,0.816,0.792,-0.1,0.823,0.792,1
20100724_0535,6.23,123.56,556.4,TA.O33A.,40.076,-97.585,120.196,1519.74,1532.323,1536.056,130.0,5.229,0.565,0.529,0.521,0.524,0.53,-0.5,-4.3,0.794,-0.38,4.8,0.754,0.754,5.0,0.706,0.754,5.0,0.705,0.754,5.0,0.697,0.754,5.1,0.69,0.754,1
20100724_0535,6.23,123.56,556.4,TA.437A.,30.829,-96.139,126.954,1562.976,1580.17,1585.326,131.0,2.078,0.64,0.602,0.598,0.601,0.595,0.2,0.4,0.777,0.801,-0.3,0.867,0.867,-0.3,0.89,0.867,-0.5,0.899,0.867,-0.5,0.91,0.867,-0.5,0.907,0.867,1
20100724_0535,6.23,123.56,556.4,TA.237A.,32.001,-95.808,126.457,1559.845,1576.672,1581.712,132.0,5.243,0.629,0.667,0.666,0.667,0.66,0.1,0.4,0.874,0.859,-0.5,0.834,0.834,-0.4,0.836,0.834,-0.6,0.839,0.834,-0.6,0.838,0.834,-0.6,0.837,0.834,1
20100724_0535,6.23,123.56,556.4,TA.337A.,31.316,-95.885,126.829,1562.187,1579.288,1584.414,133.0,3.99,0.748,0.741,0.738,0.734,0.729,0.4,0.7,0.959,0.963,-0.1,0.929,0.929,-0.1,0.951,0.929,-0.3,0.957,0.929,-0.3,0.962,0.929,-0.3,0.96,0.929,1
20100724_0535,6.23,123.56,556.4,CX.MNMCX.,-19.131,-69.596,161.825,1762.53,1815.245,1833.039,134.0,4.683,0.597,0.573,0.59,0.594,0.585,0.9,0.8,0.905,0.903,0.7,0.89,0.89,0.7,0.874,0.89,0.5,0.863,0.89,0.4,0.86,0.89,0.6,0.863,0.89,1
20100724_0535,6.23,123.56,556.4,YZ.PNCB.,9.59,-85.092,147.363,1684.549,1720.317,1731.775,135.0,9.341,0.64,0.613,0.616,0.617,0.618,0.6,0.7,0.964,0.963,0.1,0.946,0.946,-0.1,0.951,0.946,-0.5,0.969,0.946,-0.5,0.967,0.946,-0.5,0.961,0.946,1
20100724_0535,6.23,123.56,556.4,TA.W37A.,35.138,-95.427,124.711,1548.786,1564.357,1569.006,136.0,3.4,0.528,0.514,0.506,0.512,0.508,-0.9,-0.2,0.907,0.885,-1.0,0.542,0.542,-1.3,0.586,0.542,-1.5,0.586,0.542,-1.4,0.582,0.542,-1.5,0.584,0.542,1
20100724_0535,6.23,123.56,556.4,TA.035A.,26.938,-98.102,127.801,1568.285,1586.117,1591.472,137.0,5.399,0.4,0.399,0.376,0.37,0.378,-1.4,-1.5,0.734,0.661,-1.8,0.926,0.926,-2.1,0.916,0.926,-2.3,0.915,0.926,-2.3,0.917,0.926,-2.3,0.917,0.926,1
20100724_0535,6.23,123.56,556.4,TA.536A.,30.076,-97.065,126.765,1561.785,1578.839,1583.951,138.0,5.852,0.493,0.529,0.521,0.531,0.522,-0.9,-0.2,0.692,0.646,-1.1,0.821,0.821,-1.1,0.847,0.821,-1.2,0.848,0.821,-1.2,0.847,0.821,-1.3,0.847,0.821,1
20100724_0535,6.23,123.56,556.4,XE.GS15.,-0.809,-91.127,144.971,1671.011,1704.255,1714.816,139.0,0.807,0.07,0.057,0.115,0.082,0.065,2.3,-0.7,0.788,-0.741,2.1,0.509,0.509,2.2,0.52,0.509,1.2,0.505,0.509,1.6,0.51,0.509,2.0,0.52,0.509,0
20100724_0535,6.23,123.56,556.4,NM.OLIL.,38.734,-88.099,126.31,1558.919,1575.637,1580.644,140.0,3.918,0.536,0.528,0.531,0.53,0.528,1.2,-2.5,0.823,-0.742,-6.9,0.601,0.601,-6.7,0.521,0.601,-6.8,0.52,0.601,-6.9,0.517,0.601,-6.8,0.518,0.601,1
20100724_0535,6.23,123.56,556.4,LD.BRNJ.,40.683,-74.566,130.218,1583.327,1603.035,1608.988,141.0,1.996,0.454,0.439,0.443,0.456,0.451,1.3,1.1,0.9,0.885,0.1,0.754,0.754,0.4,0.74,0.754,0.3,0.742,0.754,0.1,0.736,0.754,0.1,0.738,0.754,0
20100724_0535,6.23,123.56,556.4,TA.334A.,31.333,-98.238,125.211,1551.966,1567.89,1572.649,142.0,3.816,0.644,0.643,0.64,0.634,0.635,0.6,0.7,0.902,0.899,0.3,0.852,0.852,0.2,0.869,0.852,-0.1,0.863,0.852,-0.1,0.861,0.852,0.0,0.861,0.852,1
20100724_0535,6.23,123.56,556.4,6D.TBMR.,12.592,-86.852,144.394,1667.713,1700.359,1710.711,143.0,2.133,0.052,0.081,0.074,0.072,0.073,-2.9,-0.6,0.704,0.619,-0.6,0.588,0.588,-0.7,0.543,0.588,-0.9,0.516,0.588,-1.0,0.521,0.588,-1.0,0.523,0.588,0
20100724_0535,6.23,123.56,556.4,TA.535A.,30.029,-97.571,126.438,1559.723,1576.534,1581.57,144.0,2.613,0.376,0.428,0.425,0.429,0.427,-0.1,0.4,0.694,0.655,5.2,0.411,0.411,-0.6,0.445,0.411,-0.7,0.45,0.411,-0.7,0.459,0.411,-0.7,0.456,0.411,0
20100724_0535,6.23,123.56,556.4,XH.ESP06.01,-31.138,-64.956,153.845,1720.331,1763.33,1777.447,145.0,0.84,0.338,0.322,0.314,0.29,0.293,-0.7,-4.4,0.72,-0.711,-0.9,0.696,0.696,-1.1,0.701,0.696,-1.2,0.695,0.696,-1.5,0.682,0.696,-1.4,0.686,0.696,0
20100724_0535,6.23,123.56,556.4,TA.340A.,31.417,-93.89,128.093,1570.108,1588.163,1593.588,146.0,3.465,0.67,0.613,0.599,0.587,0.585,0.3,0.5,0.942,0.973,-0.2,0.887,0.887,-0.3,0.836,0.887,-0.5,0.826,0.887,-0.6,0.824,0.887,-0.6,0.825,0.887,1
20100724_0535,6.23,123.56,556.4,TA.T36A.,37.061,-95.879,123.179,1539.005,1553.521,1557.845,147.0,5.712,0.599,0.599,0.599,0.594,0.596,0.0,0.4,0.88,0.856,-0.3,0.695,0.695,0.4,0.779,0.695,0.3,0.778,0.695,0.4,0.778,0.695,0.3,0.776,0.695,1
20100724_0535,6.23,123.56,556.4,TA.W31A.,35.186,-99.943,121.787,1530.05,1543.645,1547.686,148.0,9.987,0.659,0.636,0.631,0.628,0.63,-0.1,-0.1,0.908,0.945,-0.1,0.745,0.745,-0.1,0.773,0.745,-0.4,0.758,0.745,-0.5,0.747,0.745,-0.4,0.756,0.745,1
20100724_0535,6.23,123.56,556.4,TA.R33A.,38.308,-97.984,121.102,1525.616,1538.77,1542.676,149.0,6.708,0.625,0.635,0.643,0.655,0.652,0.2,0.2,0.881,0.948,0.1,0.869,0.869,-0.1,0.805,0.869,-0.1,0.821,0.869,-0.1,0.837,0.869,-0.1,0.831,0.869,1
20100724_0535,6.23,123.56,556.4,TA.Z36A.,33.27,-96.434,125.255,1552.247,1568.203,1572.972,150.0,1.875,0.526,0.552,0.559,0.556,0.558,0.7,0.6,0.785,0.759,0.4,0.867,0.867,0.3,0.888,0.867,0.1,0.892,0.867,0.1,0.89,0.867,0.1,0.891,0.867,0
20100724_0535,6.23,123.56,556.4,AI.JUBA.,-62.237,-58.663,123.969,1544.058,1559.112,1563.602,151.0,1.843,0.337,0.286,0.271,0.249,0.253,0.2,-2.9,0.87,-0.762,-0.4,0.673,0.673,-0.3,0.681,0.673,-0.4,0.674,0.673,-0.5,0.672,0.673,-0.4,0.674,0.673,0
20100724_0535,6.23,123.56,556.4,PR.AGPR.,18.467,-67.111,153.154,1716.584,1758.782,1772.6,152.0,2.215,0.271,0.328,0.32,0.288,0.297,-0.5,-0.6,0.961,0.947,-1.6,0.916,0.916,-1.4,0.906,0.916,-1.5,0.913,0.916,-1.9,0.925,0.916,-1.8,0.923,0.916,1
20100724_0535,6.23,123.56,556.4,YZ.HATI.,10.292,-85.71,146.494,1679.652,1714.496,1725.623,153.0,7.057,0.738,0.569,0.561,0.556,0.555,0.0,-3.8,0.707,-0.833,-0.4,0.761,0.761,-0.4,0.738,0.761,-1.2,0.688,0.761,-1.3,0.698,0.761,-1.2,0.705,0.761,1
20100724_0535,6.23,123.56,556.4,YZ.SARO.,10.843,-85.616,146.311,1678.616,1713.266,1724.324,154.0,1.967,0.382,0.375,0.337,0.343,0.356,4.1,4.3,0.857,0.871,3.7,0.84,0.84,3.4,0.844,0.84,2.9,0.848,0.84,2.9,0.845,0.84,2.9,0.85,0.84,0
20100724_0535,6.23,123.56,556.4,Z9.W15A.,32.138,-83.898,133.568,1603.862,1626.321,1633.182,155.0,2.925,0.544,0.575,0.58,0.575,0.572,-0.6,0.0,0.592,0.549,-0.3,0.539,0.539,-0.5,0.59,0.539,-0.5,0.586,0.539,-0.9,0.564,0.539,-0.9,0.564,0.539,1
20100724_0535,6.23,123.56,556.4,BR.AGBLB.,-9.039,-37.045,160.577,1756.066,1807.201,1824.392,156.0,1.895,0.149,0.132,0.118,0.132,0.131,-0.3,1.6,0.698,0.619,2.6,0.922,0.922,2.7,0.793,0.922,2.6,0.628,0.922,2.6,0.691,0.922,2.6,0.752,0.922,0
20100724_0535,6.23,123.56,556.4,TA.X29A.,34.445,-101.701,121.042,1525.227,1538.342,1542.237,157.0,0.773,0.429,0.327,0.317,0.33,0.325,-0.7,-0.6,0.936,0.655,-0.6,0.832,0.832,-1.2,0.758,0.832,-1.4,0.789,0.832,-1.3,0.803,0.832,-1.4,0.796,0.832,0
20100724_0535,6.23,123.56,556.4,IU.HRV.10,42.506,-71.558,129.358,1577.991,1597.022,1602.757,158.0,2.441,0.455,0.44,0.442,0.445,0.447,0.1,0.8,0.878,0.787,-0.1,0.673,0.673,0.0,0.68,0.673,-0.1,0.68,0.673,-0.2,0.673,0.673,-0.2,0.674,0.673,1
20100724_0535,6.23,123.56,556.4,CX.HMBCX.,-20.278,-69.888,160.826,1757.36,1808.809,1826.119,159.0,,,,,,,-16.0,-8.0,0.0,0.0,-16.0,0.0,0.0,-16.0,0.0,0.0,-16.0,0.0,0.0,-16.0,0.0,0.0,-16.0,0.0,0.0,0
20100724_0535,6.23,123.56,556.4,Z9.W23.,32.523,-83.886,133.275,1602.085,1624.295,1631.074,160.0,2.694,0.625,0.585,0.586,0.578,0.573,0.4,-0.1,0.709,0.738,-0.6,0.835,0.835,-0.5,0.859,0.835,-0.5,0.86,0.835,-0.7,0.845,0.835,-0.8,0.843,0.835,1
20100724_0535,6.23,123.56,556.4,TA.335A.,31.282,-97.427,125.8,1555.698,1572.045,1576.936,161.0,2.953,0.61,0.626,0.608,0.602,0.607,-0.1,0.1,0.83,0.817,-0.5,0.783,0.783,-0.6,0.772,0.783,-0.8,0.757,0.783,-0.8,0.752,0.783,-0.7,0.754,0.783,1
20100724_0535,6.23,123.56,556.4,TA.S36A.,37.724,-95.592,122.912,1537.292,1551.629,1555.897,162.0,7.64,0.57,0.582,0.592,0.609,0.603,-0.2,0.2,0.827,0.792,-0.4,0.564,0.564,0.2,0.627,0.564,0.1,0.628,0.564,0.1,0.629,0.564,0.1,0.628,0.564,1
20100724_0535,6.23,123.56,556.4,XH.ESP09.01,-31.909,-64.658,153.198,1716.824,1759.073,1772.909,163.0,3.013,0.375,0.466,0.464,0.462,0.469,0.1,0.8,0.737,0.625,-0.2,0.653,0.653,0.5,0.699,0.653,0.3,0.702,0.653,0.0,0.699,0.653,0.0,0.696,0.653,1
20100724_0535,6.23,123.56,556.4,LD.PANJ.,40.377,-74.703,130.455,1584.791,1604.688,1610.702,164.0,1.156,0.305,0.299,0.3,0.304,0.301,0.8,-3.3,0.79,-0.593,-8.6,0.729,0.729,-8.4,0.732,0.729,-8.4,0.729,0.729,-8.6,0.709,0.729,-8.6,0.708,0.729,0
20100724_0535,6.23,123.56,556.4,XE.GS11.,-0.947,-90.974,145.145,1672.001,1705.426,1716.051,165.0,2.418,0.302,0.345,0.324,0.328,0.347,0.4,0.6,0.808,0.809,0.1,0.611,0.611,0.0,0.626,0.611,-0.9,0.589,0.611,-0.4,0.621,0.611,-0.1,0.633,0.611,1
20100724_0535,6.23,123.56,556.4,XE.GS10.,-0.837,-91.091,145.011,1671.239,1704.524,1715.1,166.0,1.056,0.13,0.08,0.079,0.078,0.074,4.1,4.3,0.588,0.713,3.9,0.697,0.697,3.9,0.703,0.697,3.0,0.706,0.697,3.3,0.709,0.697,3.8,0.705,0.697,0
20100724_0535,6.23,123.56,556.4,TA.Z37A.,33.198,-95.623,125.829,1555.881,1572.249,1577.146,167.0,2.786,0.496,0.48,0.478,0.473,0.474,0.7,0.9,0.821,0.844,0.1,0.788,0.788,0.2,0.799,0.788,0.1,0.801,0.788,0.0,0.804,0.788,0.0,0.805,0.788,1
20100724_0535,6.23,123.56,556.4,6D.TBTN.,12.606,-86.835,144.401,1667.754,1700.407,1710.761,168.0,1.633,0.108,0.17,0.172,0.169,0.171,0.3,1.7,0.748,0.666,1.1,0.66,0.66,0.7,0.688,0.66,0.4,0.692,0.66,0.4,0.698,0.66,0.4,0.693,0.66,0
20100724_0535,6.23,123.56,556.4,AI.ESPZ.,-63.398,-56.996,122.83,1536.768,1551.05,1555.302,169.0,0.496,0.047,0.049,0.051,0.054,0.052,8.4,-0.3,0.309,-0.821,-9.2,0.51,0.51,-9.0,0.517,0.51,-9.1,0.519,0.51,-9.1,0.525,0.51,-9.0,0.526,0.51,0
20100724_0535,6.23,123.56,556.4,US.HDIL.,40.556,-89.294,124.328,1546.348,1561.65,1566.217,170.0,2.912,0.657,0.616,0.62,0.618,0.619,0.8,0.7,0.803,0.892,0.3,0.94,0.94,0.5,0.97,0.94,0.4,0.97,0.94,0.5,0.965,0.94,0.4,0.967,0.94,1
20100724_0535,6.23,123.56,556.4,TA.Y37A.,33.979,-95.621,125.334,1552.747,1568.759,1573.546,171.0,3.467,0.563,0.523,0.527,0.527,0.524,0.2,0.8,0.77,0.78,0.4,0.692,0.692,0.3,0.692,0.692,0.1,0.689,0.692,0.1,0.686,0.692,0.0,0.688,0.692,1
20100724_0535,6.23,123.56,556.4,NU.MGAN.,12.149,-86.248,145.126,1671.892,1705.297,1715.915,172.0,0.278,0.006,-0.029,-0.033,-0.032,-0.033,12.2,3.5,0.66,-0.424,7.8,0.46,0.46,7.3,0.492,0.46,6.8,0.484,0.46,6.8,0.484,0.46,6.7,0.483,0.46,0
20100724_0535,6.23,123.56,556.4,TA.Q33A.,38.998,-97.833,120.75,1523.336,1536.267,1540.105,173.0,4.189,0.632,0.749,0.751,0.747,0.753,0.1,0.2,0.717,0.751,-0.1,0.808,0.808,-0.1,0.812,0.808,-0.1,0.808,0.808,-0.2,0.809,0.808,-0.1,0.814,0.808,1
20100724_0535,6.23,123.56,556.4,NM.SIUC.,37.715,-89.217,126.498,1560.105,1576.962,1582.012,174.0,4.181,0.595,0.631,0.629,0.626,0.625,1.0,1.0,0.884,0.879,0.3,0.869,0.869,0.5,0.85,0.869,0.3,0.845,0.869,0.3,0.84,0.869,0.2,0.842,0.869,1
20100724_0535,6.23,123.56,556.4,PR.MPR.,18.212,-67.14,153.376,1717.791,1760.246,1774.159,175.0,2.522,0.19,0.279,0.265,0.216,0.214,-2.2,-2.1,0.885,0.866,-2.9,0.899,0.899,-2.6,0.926,0.899,-2.7,0.928,0.899,-3.1,0.936,0.899,-3.1,0.935,0.899,0
20100724_0535,6.23,123.56,556.4,IU.HKT.00,29.962,-95.838,127.686,1567.563,1585.307,1590.634,176.0,0.343,0.032,0.008,0.01,0.011,0.011,9.6,-4.0,0.594,-0.996,-8.8,0.49,0.49,-9.0,0.478,0.49,-9.1,0.471,0.49,-9.3,0.468,0.49,-9.2,0.469,0.49,0
20100724_0535,6.23,123.56,556.4,TA.034A.,27.065,-98.683,127.298,1565.133,1582.585,1587.82,177.0,3.37,0.424,0.314,0.335,0.34,0.337,-4.4,2.4,0.446,0.391,1.8,0.586,0.586,1.8,0.571,0.586,1.6,0.574,0.586,1.6,0.574,0.586,1.6,0.575,0.586,0
20100724_0535,6.23,123.56,556.4,TA.U36A.,36.393,-95.732,123.705,1542.374,1557.247,1561.681,178.0,3.457,0.498,0.573,0.575,0.575,0.577,0.1,0.5,0.861,0.854,-0.5,0.702,0.702,0.0,0.798,0.702,0.1,0.802,0.702,0.0,0.796,0.702,0.1,0.8,0.702,1
20100724_0535,6.23,123.56,556.4,XH.ESP11.01,-32.419,-65.717,152.42,1712.59,1753.947,1767.45,179.0,2.009,0.47,0.45,0.442,0.421,0.425,-0.6,-4.9,0.81,-0.801,-1.9,0.65,0.65,-1.4,0.614,0.65,-1.6,0.606,0.65,-2.2,0.612,0.65,-2.1,0.612,0.65,1
20100724_0535,6.23,123.56,556.4,NM.UALR.,34.775,-92.343,126.835,1562.227,1579.333,1584.46,180.0,2.17,0.524,0.595,0.61,0.62,0.617,1.1,1.1,0.915,0.897,0.5,0.936,0.936,0.7,0.927,0.936,0.6,0.928,0.936,0.5,0.93,0.936,0.4,0.932,0.936,1
20100724_0535,6.23,123.56,556.4,IU.PMSA.00,-64.774,-64.049,121.205,1526.288,1539.508,1543.435,181.0,0.945,0.101,0.093,0.097,0.12,0.111,-2.7,-2.8,0.859,0.914,3.1,0.642,0.642,3.3,0.617,0.642,3.1,0.617,0.642,3.1,0.603,0.642,3.1,0.612,0.642,0
20100724_0535,6.23,123.56,556.4,TA.430A.,30.787,-101.236,123.399,1540.418,1555.083,1559.453,182.0,5.724,0.513,0.58,0.578,0.577,0.58,4.8,4.6,0.644,0.622,4.2,0.818,0.818,4.6,0.785,0.818,4.5,0.796,0.818,4.4,0.808,0.818,4.5,0.804,0.818,1
20100724_0535,6.23,123.56,556.4,TA.S30A.,37.64,-100.464,119.984,1518.354,1530.806,1534.499,183.0,4.962,0.558,0.515,0.512,0.522,0.521,-0.3,-0.3,0.503,0.551,-0.3,0.78,0.78,-0.1,0.728,0.78,-0.1,0.702,0.78,-0.1,0.721,0.78,-0.1,0.72,0.78,1
20100724_0535,6.23,123.56,556.4,TA.R36A.,38.324,-95.504,122.564,1535.057,1549.162,1553.359,184.0,3.368,0.534,0.547,0.552,0.557,0.556,0.1,0.5,0.855,0.814,-0.1,0.666,0.666,0.2,0.766,0.666,0.2,0.773,0.666,0.2,0.78,0.666,0.1,0.779,0.666,1
20100724_0535,6.23,123.56,556.4,NM.BLO.,39.172,-86.522,126.75,1561.69,1578.733,1583.841,185.0,4.828,0.657,0.646,0.655,0.662,0.66,0.9,1.0,0.843,0.833,0.3,0.865,0.865,0.6,0.932,0.865,0.5,0.932,0.865,0.4,0.931,0.865,0.4,0.932,0.865,1
20100724_0535,6.23,123.56,556.4,TA.Z32A.,33.307,-99.478,123.206,1539.176,1553.71,1558.039,186.0,4.148,0.628,0.583,0.577,0.583,0.581,-0.4,-0.1,0.802,0.866,-0.8,0.737,0.737,-0.3,0.808,0.737,-0.4,0.798,0.737,-0.3,0.794,0.737,-0.4,0.795,0.737,1
20100724_0535,6.23,123.56,556.4,TA.V34A.,35.834,-97.518,122.956,1537.572,1551.938,1556.215,187.0,2.721,0.474,0.476,0.476,0.474,0.474,0.0,0.5,0.781,0.734,-0.4,0.565,0.565,0.2,0.699,0.565,0.1,0.703,0.565,0.1,0.708,0.565,0.2,0.712,0.565,1
20100724_0535,6.23,123.56,556.4,US.AAM.,42.301,-83.657,125.507,1553.845,1569.981,1574.806,188.0,3.124,0.6,0.563,0.571,0.58,0.575,1.2,1.5,0.848,0.837,1.0,0.904,0.904,1.0,0.87,0.904,0.9,0.872,0.904,0.8,0.884,0.904,0.9,0.883,0.904,1
20100724_0535,6.23,123.56,556.4,TA.X31A.,34.631,-99.979,122.092,1532.016,1545.809,1549.911,189.0,3.32,0.567,0.596,0.584,0.594,0.589,-0.4,-0.2,0.896,0.908,-1.0,0.694,0.694,-0.5,0.627,0.694,-0.8,0.575,0.694,-0.8,0.545,0.694,-0.8,0.551,0.694,1
20100724_0535,6.23,123.56,556.4,TA.X36A.,34.57,-96.352,124.492,1547.395,1562.812,1567.414,190.0,3.563,0.547,0.5,0.489,0.484,0.492,-0.6,-0.6,0.752,0.799,-0.8,0.737,0.737,-1.1,0.693,0.737,-1.2,0.692,0.737,-1.3,0.697,0.737,-1.2,0.697,0.737,1
20100724_0535,6.23,123.56,556.4,II.RPN.10,-27.127,-109.334,125.678,1554.927,1571.187,1576.05,191.0,1.175,0.12,0.115,0.091,0.105,0.115,-7.0,-4.2,0.666,-0.529,-8.0,0.531,0.531,-8.3,0.515,0.531,-8.7,0.509,0.531,-8.4,0.52,0.531,-8.3,0.514,0.531,0
20100724_0535,6.23,123.56,556.4,Z9.W11.,31.959,-83.908,133.701,1604.673,1627.245,1634.145,192.0,2.555,0.517,0.492,0.489,0.485,0.488,1.8,1.4,0.807,0.8,0.9,0.63,0.63,0.8,0.693,0.63,0.8,0.69,0.63,0.6,0.692,0.63,0.5,0.694,0.63,1
20100724_0535,6.23,123.56,556.4,NU.BOAB.,12.449,-85.666,145.462,1673.805,1707.561,1718.303,193.0,2.868,0.416,0.492,0.476,0.474,0.478,-0.8,-0.1,0.432,0.52,-0.6,0.671,0.671,-0.8,0.725,0.671,-1.4,0.67,0.671,-1.5,0.666,0.671,-1.4,0.672,0.671,0
20100724_0535,6.23,123.56,556.4,6D.TBHS.,12.618,-86.856,144.377,1667.618,1700.247,1710.593,194.0,1.086,0.113,0.082,0.081,0.083,0.082,-9.0,-4.6,0.59,-0.189,-9.1,0.516,0.516,-9.3,0.476,0.516,-9.6,0.464,0.516,-9.6,0.467,0.516,-9.6,0.468,0.516,0
20100724_0535,6.23,123.56,556.4,TA.T33A.,37.082,-98.244,121.717,1529.6,1543.15,1547.177,195.0,5.7,0.693,0.62,0.623,0.624,0.624,0.3,0.5,0.943,0.941,0.2,0.924,0.924,0.3,0.906,0.924,0.0,0.894,0.924,0.0,0.882,0.924,0.0,0.885,0.924,1
20100724_0535,6.23,123.56,556.4,IU.HRV.00,42.506,-71.558,129.358,1577.991,1597.022,1602.757,196.0,2.459,0.447,0.433,0.434,0.437,0.438,0.1,0.9,0.858,0.766,-0.1,0.662,0.662,0.0,0.668,0.662,-0.1,0.667,0.662,-0.2,0.66,0.662,-0.2,0.662,0.662,1
20100724_0535,6.23,123.56,556.4,CX.PB02.,-21.32,-69.896,160.068,1753.417,1803.914,1820.862,197.0,2.16,0.47,0.477,0.507,0.537,0.507,1.7,1.9,0.822,0.801,1.6,0.86,0.86,1.6,0.786,0.86,1.4,0.785,0.86,1.1,0.789,0.86,1.4,0.792,0.86,1
20100724_0535,6.23,123.56,556.4,TA.433A.,30.754,-99.091,124.948,1550.297,1566.035,1570.736,198.0,6.873,0.762,0.673,0.669,0.671,0.67,0.4,0.6,0.832,0.812,0.1,0.815,0.815,0.0,0.731,0.815,-0.2,0.709,0.815,-0.2,0.709,0.815,-0.3,0.712,0.815,1
20100724_0535,6.23,123.56,556.4,TA.P33A.,39.436,-97.695,120.548,1522.028,1534.831,1538.631,199.0,8.458,0.637,0.684,0.671,0.67,0.675,-0.2,0.1,0.897,0.913,-0.3,0.749,0.749,-0.5,0.701,0.749,-0.7,0.714,0.749,-0.6,0.732,0.749,-0.6,0.734,0.749,1
20100724_0535,6.23,123.56,556.4,CX.PB13.,-18.336,-69.502,162.43,1765.643,1819.132,1837.221,200.0,2.958,0.204,0.224,0.229,0.232,0.229,1.4,1.7,0.319,0.625,1.6,0.296,0.296,1.6,0.301,0.296,-5.1,0.31,0.296,-5.2,0.314,0.296,-4.9,0.3,0.296,0
20100724_0535,6.23,123.56,556.4,TA.936A.,27.421,-97.309,128.12,1570.277,1588.352,1593.783,201.0,2.18,0.336,0.374,0.364,0.361,0.363,0.7,0.1,0.88,0.738,-0.5,0.545,0.545,-0.1,0.456,0.545,-9.0,0.419,0.545,-9.0,0.416,0.545,-8.9,0.419,0.545,0
20100724_0535,6.23,123.56,556.4,TA.R31A.,38.289,-99.527,120.172,1519.581,1532.149,1535.877,202.0,4.96,0.633,0.664,0.66,0.665,0.665,-0.8,-0.6,0.671,0.76,-0.2,0.767,0.767,-0.4,0.75,0.767,-0.4,0.741,0.767,-0.4,0.747,0.767,-0.3,0.75,0.767,1
20100724_0535,6.23,123.56,556.4,CN.VLDQ.,48.19,-77.757,122.445,1534.293,1548.319,1552.492,203.0,2.488,0.526,0.548,0.547,0.538,0.543,0.7,1.0,0.82,0.738,0.0,0.861,0.861,0.4,0.834,0.861,0.3,0.846,0.861,0.1,0.853,0.861,0.2,0.848,0.861,1
20100724_0535,6.23,123.56,556.4,TA.Q34A.,38.921,-96.941,121.327,1527.076,1540.374,1544.324,204.0,9.935,0.708,0.734,0.738,0.743,0.746,0.3,0.6,0.839,0.917,0.2,0.893,0.893,0.1,0.836,0.893,-0.1,0.836,0.893,-0.1,0.833,0.893,-0.1,0.834,0.893,1
20100724_0535,6.23,123.56,556.4,II.SACV.00,14.97,-23.608,141.162,1649.053,1678.459,1687.683,205.0,0.418,0.145,0.161,-0.01,-0.01,-0.013,6.2,-1.4,0.665,-0.247,3.1,0.372,0.372,1.4,0.581,0.372,-3.3,0.368,0.372,-3.3,0.368,0.372,-3.2,0.37,0.372,0
20100724_0535,6.23,123.56,556.4,US.CNNC.,35.239,-77.89,133.874,1605.721,1628.441,1635.39,206.0,0.698,0.098,0.113,0.113,0.113,0.114,-1.4,5.5,0.571,-0.702,-0.1,0.378,0.378,0.0,0.385,0.378,-0.1,0.392,0.378,-0.1,0.396,0.378,-0.1,0.396,0.378,0
20100724_0535,6.23,123.56,556.4,XE.GS13.,-0.778,-91.092,145.001,1671.178,1704.452,1715.025,207.0,0.348,-0.028,-0.021,-0.042,-0.037,-0.021,-0.1,4.0,0.83,0.981,4.8,0.13,0.13,4.9,0.1,0.13,3.8,0.134,0.13,4.2,0.124,0.13,4.8,0.104,0.13,0
20100724_0535,6.23,123.56,556.4,TA.540A.,30.209,-93.98,128.799,1574.519,1593.116,1598.713,208.0,1.198,0.399,0.366,0.361,0.356,0.356,0.8,1.1,0.672,0.55,0.4,0.829,0.829,0.3,0.785,0.829,0.1,0.783,0.829,0.1,0.787,0.829,0.2,0.786,0.829,0
20100724_0535,6.23,123.56,556.4,NE.PQI.,46.67,-68.013,126.11,1557.656,1574.228,1579.189,209.0,2.121,0.086,0.077,0.075,0.069,0.069,3.9,-4.0,0.841,-0.549,0.4,0.163,0.163,0.7,0.166,0.163,0.7,0.166,0.163,5.5,0.163,0.163,0.6,0.164,0.163,0
20100724_0535,6.23,123.56,556.4,TA.231A.,31.935,-100.316,123.416,1540.526,1555.203,1559.577,210.0,7.636,0.578,0.551,0.563,0.565,0.562,1.3,1.3,0.644,0.745,0.7,0.767,0.767,1.2,0.782,0.767,1.0,0.786,0.767,1.1,0.787,0.767,1.1,0.784,0.767,1
20100724_0535,6.23,123.56,556.4,TA.Z31A.,33.318,-100.144,122.746,1536.229,1550.455,1554.689,211.0,5.14,0.556,0.581,0.576,0.577,0.582,-0.4,-0.1,0.89,0.907,-1.0,0.579,0.579,-0.5,0.761,0.579,-0.6,0.765,0.579,-0.6,0.773,0.579,-0.5,0.776,0.579,1
20100724_0535,6.23,123.56,556.4,TA.Q32A.,38.991,-98.56,120.32,1520.546,1533.207,1536.964,212.0,3.227,0.491,0.542,0.542,0.546,0.546,0.3,0.6,0.67,0.77,0.6,0.824,0.824,0.5,0.766,0.824,0.4,0.758,0.824,0.5,0.761,0.824,0.4,0.759,0.824,1
20100724_0535,6.23,123.56,556.4,US.MIAR.,34.545,-93.576,126.244,1558.499,1575.169,1580.161,213.0,3.007,0.591,0.594,0.59,0.582,0.587,0.3,0.4,0.92,0.931,-0.3,0.762,0.762,-0.2,0.769,0.762,-0.4,0.765,0.762,-0.4,0.763,0.762,-0.4,0.764,0.762,1
20100724_0535,6.23,123.56,556.4,TA.W35A.,35.153,-96.874,123.792,1542.927,1557.859,1562.312,214.0,3.275,0.54,0.56,0.557,0.558,0.561,0.3,0.5,0.768,0.791,-0.3,0.845,0.845,-0.1,0.857,0.845,-0.2,0.859,0.845,-0.1,0.872,0.845,-0.2,0.869,0.845,1
20100724_0535,6.23,123.56,556.4,CN.GAC.,45.703,-75.478,125.353,1552.864,1568.89,1573.681,215.0,2.88,0.438,0.488,0.484,0.459,0.468,-0.7,-1.2,0.494,0.578,-0.1,0.257,0.257,-0.1,0.264,0.257,-0.1,0.262,0.257,-0.1,0.262,0.257,-0.1,0.264,0.257,0
20100724_0535,6.23,123.56,556.4,TA.Y29A.,33.86,-101.671,121.392,1527.495,1540.835,1544.798,216.0,9.558,0.734,0.649,0.637,0.632,0.636,-0.3,0.0,0.791,0.888,0.0,0.853,0.853,-0.1,0.86,0.853,-0.3,0.831,0.853,-0.3,0.828,0.853,-0.2,0.835,0.853,1
20100724_0535,6.23,123.56,556.4,TA.234A.,32.004,-98.137,124.885,1549.898,1565.592,1570.279,217.0,5.997,0.754,0.717,0.717,0.718,0.72,0.5,0.6,0.798,0.788,0.1,0.93,0.93,0.0,0.89,0.93,-0.2,0.883,0.93,-0.2,0.884,0.93,-0.1,0.884,0.93,1
20100724_0535,6.23,123.56,556.4,TA.636A.,29.481,-97.057,127.12,1564.015,1581.333,1586.526,218.0,11.361,0.763,0.693,0.683,0.671,0.675,-0.2,0.1,0.965,0.96,-0.5,0.922,0.922,-0.7,0.929,0.922,-0.8,0.928,0.922,-0.9,0.924,0.922,-0.8,0.926,0.922,1
20100724_0535,6.23,123.56,556.4,TA.133A.,32.608,-98.916,123.997,1544.239,1559.313,1563.809,219.0,9.649,0.753,0.742,0.74,0.74,0.737,0.0,0.3,0.865,0.933,-0.5,0.861,0.861,-0.4,0.915,0.861,-0.4,0.915,0.861,-0.4,0.917,0.861,-0.5,0.915,0.861,1
20100724_0535,6.23,123.56,556.4,NM.MGMO.,37.154,-92.269,125.228,1552.077,1568.014,1572.777,220.0,4.313,0.606,0.605,0.593,0.597,0.603,-0.4,-0.2,0.891,0.895,-0.5,0.919,0.919,-0.6,0.891,0.919,-0.8,0.884,0.919,-0.8,0.878,0.919,-0.8,0.879,0.919,1
20100724_0535,6.23,123.56,556.4,PE.UPAO.,40.483,-80.021,128.501,1572.655,1591.023,1596.546,221.0,3.406,0.466,0.459,0.465,0.471,0.473,1.5,1.5,0.966,0.964,0.9,0.894,0.894,1.0,0.894,0.894,0.9,0.895,0.894,0.8,0.897,0.894,0.7,0.896,0.894,1
20100724_0535,6.23,123.56,556.4,II.SACV.10,14.97,-23.608,141.162,1649.053,1678.459,1687.683,222.0,0.864,0.162,0.156,-0.027,-0.027,-0.037,-4.8,-1.5,0.499,-0.545,2.8,0.592,0.592,1.2,0.733,0.592,-3.4,0.568,0.592,-3.4,0.56,0.592,-3.3,0.548,0.592,0
20100724_0535,6.23,123.56,556.4,XH.ESP10.01,-32.152,-64.999,152.875,1715.072,1756.95,1770.648,223.0,1.174,0.175,0.263,0.252,0.229,0.233,0.1,-4.2,0.759,-0.503,-1.6,0.739,0.739,-0.9,0.726,0.739,-1.0,0.728,0.739,-1.5,0.74,0.739,-1.4,0.743,0.739,0
20100724_0535,6.23,123.56,556.4,TA.X37A.,34.589,-95.371,125.101,1551.265,1567.111,1571.846,224.0,6.09,0.649,0.572,0.567,0.564,0.566,-0.1,0.3,0.769,0.706,-0.1,0.908,0.908,-0.4,0.882,0.908,-0.5,0.883,0.908,-0.6,0.884,0.908,-0.5,0.882,0.908,1
20100724_0535,6.23,123.56,556.4,XE.GS02.,-0.743,-90.8,145.283,1672.785,1706.353,1717.029,225.0,0.983,0.282,0.333,0.294,0.306,0.328,-0.8,-0.2,0.452,0.549,-0.7,0.85,0.85,-0.8,0.861,0.85,-1.8,0.841,0.85,-1.4,0.832,0.85,-0.8,0.857,0.85,0
20100724_0535,6.23,123.56,556.4,NA.SMRT.,18.05,-63.075,154.853,1725.771,1769.947,1784.509,226.0,0.686,0.122,0.109,0.111,0.118,0.117,0.2,0.7,0.534,0.19,0.5,0.899,0.899,1.0,0.827,0.899,1.0,0.846,0.899,0.5,0.909,0.899,0.5,0.906,0.899,0
20100724_0535,6.23,123.56,556.4,TA.035Z.,26.463,-98.068,128.086,1570.066,1588.115,1593.538,227.0,3.622,0.499,0.526,0.544,0.536,0.54,-4.2,-3.8,0.63,0.619,2.0,0.72,0.72,-5.1,0.695,0.72,-5.4,0.724,0.72,-5.3,0.726,0.72,-5.4,0.725,0.72,1
20100724_0535,6.23,123.56,556.4,GT.LPAZ.00,-16.288,-68.131,164.761,1777.545,1834.046,1853.303,228.0,12.085,0.58,0.724,0.722,0.716,0.724,0.0,0.3,0.967,0.942,0.4,0.903,0.903,0.0,0.872,0.903,-0.4,0.845,0.903,-0.5,0.84,0.903,-0.2,0.861,0.903,1
20100724_0535,6.23,123.56,556.4,IM.TKL.,35.658,-83.774,130.864,1587.314,1607.538,1613.659,229.0,5.983,0.643,0.625,0.621,0.614,0.62,0.3,0.8,0.749,0.739,-0.5,0.767,0.767,-0.2,0.779,0.767,-0.4,0.771,0.767,-0.5,0.753,0.767,-0.5,0.757,0.767,1
20100724_0535,6.23,123.56,556.4,TA.238A.,32.003,-95.12,126.911,1562.705,1579.867,1585.013,230.0,4.498,0.574,0.618,0.616,0.614,0.619,0.5,0.4,0.843,0.908,-0.2,0.881,0.881,-0.1,0.875,0.881,-0.3,0.87,0.881,-0.4,0.87,0.881,-0.3,0.872,0.881,1
20100724_0535,6.23,123.56,556.4,TA.U38A.,36.439,-94.386,124.486,1547.359,1562.772,1567.373,231.0,4.447,0.511,0.504,0.508,0.505,0.508,0.4,0.3,0.874,0.831,0.1,0.607,0.607,-0.2,0.687,0.607,-0.3,0.689,0.607,-0.3,0.688,0.607,-0.3,0.69,0.607,1
20100724_0535,6.23,123.56,556.4,TA.R35A.,38.323,-96.199,122.157,1532.437,1546.274,1550.389,232.0,3.383,0.57,0.61,0.612,0.607,0.609,0.3,0.6,0.898,0.898,0.1,0.896,0.896,0.5,0.865,0.896,0.4,0.85,0.896,0.4,0.827,0.896,0.3,0.831,0.896,1
20100724_0535,6.23,123.56,556.4,TA.129A.,32.631,-101.866,121.941,1531.042,1544.737,1548.809,233.0,4.822,0.657,0.54,0.53,0.532,0.529,-0.5,-0.3,0.937,0.952,-0.5,0.806,0.806,-0.7,0.681,0.806,-1.0,0.671,0.806,-1.1,0.67,0.806,-1.1,0.665,0.806,1
20100724_0535,6.23,123.56,556.4,TA.W34A.,35.235,-97.773,123.167,1538.928,1553.436,1557.757,234.0,4.358,0.488,0.457,0.458,0.471,0.465,-1.4,-0.5,0.758,0.756,-1.4,0.57,0.57,-0.7,0.65,0.57,-0.8,0.654,0.57,-0.6,0.653,0.57,-0.7,0.653,0.57,1
20100724_0535,6.23,123.56,556.4,CX.PB06.,-22.706,-69.572,159.221,1748.99,1798.434,1814.982,235.0,7.127,0.43,0.417,0.42,0.417,0.416,-0.9,-0.7,0.716,0.7,-0.4,0.653,0.653,-0.6,0.743,0.653,-0.8,0.749,0.653,-1.0,0.742,0.653,-0.8,0.732,0.653,1
20100724_0535,6.23,123.56,556.4,C.PEL1.,-33.144,-70.675,150.012,1699.346,1737.996,1750.499,236.0,1.739,0.375,0.417,0.412,0.396,0.396,-0.4,0.2,0.778,0.823,-0.7,0.78,0.78,-1.2,0.754,0.78,-1.2,0.76,0.78,-1.5,0.778,0.78,-1.5,0.778,0.78,0
20100724_0535,6.23,123.56,556.4,IM.TX31.,29.334,-103.668,122.368,1533.793,1547.767,1551.925,237.0,1.442,0.5,0.477,0.466,0.459,0.462,0.6,0.6,0.942,0.932,0.2,0.929,0.929,-0.1,0.779,0.929,-0.4,0.821,0.929,-0.2,0.825,0.929,-0.3,0.818,0.929,0
20100724_0535,6.23,123.56,556.4,US.NCB.,43.971,-74.224,127.295,1565.112,1582.561,1587.796,238.0,1.246,0.165,0.17,0.167,0.165,0.165,-1.3,2.9,0.626,-0.225,-1.2,0.481,0.481,-0.9,0.487,0.481,-1.0,0.482,0.481,-1.1,0.48,0.481,-1.1,0.478,0.481,0
20100724_0535,6.23,123.56,556.4,TA.U32A.,36.38,-99.001,121.677,1529.34,1542.864,1546.883,239.0,2.781,0.541,0.543,0.538,0.537,0.536,0.0,0.4,0.879,0.871,0.1,0.672,0.672,0.3,0.659,0.672,-0.1,0.61,0.672,-0.1,0.585,0.672,-0.1,0.591,0.672,1
20100724_0535,6.23,123.56,556.4,YZ.JUDI.,10.166,-85.539,146.703,1680.829,1715.893,1727.1,240.0,2.633,0.653,0.487,0.478,0.483,0.475,0.3,0.5,0.929,0.921,-0.1,0.895,0.895,-0.2,0.807,0.895,-0.9,0.839,0.895,-0.9,0.837,0.895,-0.8,0.834,0.895,1
20100724_0535,6.23,123.56,556.4,XH.ESP07.01,-31.265,-65.224,153.648,1719.266,1762.036,1776.067,241.0,1.649,0.4,0.313,0.323,0.332,0.328,-0.6,-0.4,0.805,0.81,-1.2,0.68,0.68,-1.0,0.713,0.68,-1.1,0.716,0.68,-1.4,0.719,0.68,-1.3,0.719,0.68,0
20100724_0535,6.23,123.56,556.4,TA.V31A.,35.774,-99.842,121.503,1528.215,1541.627,1545.611,242.0,4.175,0.617,0.638,0.636,0.639,0.636,0.1,0.2,0.928,0.986,0.0,0.875,0.875,-0.1,0.824,0.875,-0.2,0.817,0.875,-0.2,0.82,0.875,-0.2,0.817,0.875,1
20100724_0535,6.23,123.56,556.4,TA.V38A.,35.863,-94.408,124.859,1549.729,1565.404,1570.086,243.0,3.532,0.54,0.583,0.589,0.595,0.592,0.4,1.0,0.816,0.795,0.7,0.787,0.787,0.4,0.812,0.787,0.2,0.813,0.787,0.2,0.816,0.787,0.2,0.814,0.787,1
20100724_0535,6.23,123.56,556.4,TA.S32A.,37.7,-98.936,120.902,1524.325,1537.352,1541.22,244.0,6.333,0.65,0.648,0.631,0.626,0.625,-0.5,-0.3,0.946,0.958,-0.5,0.849,0.849,-0.7,0.774,0.849,-1.0,0.785,0.849,-0.9,0.8,0.849,-0.9,0.794,0.849,1
20100724_0535,6.23,123.56,556.4,US.BLA.,37.211,-80.42,131.128,1588.94,1609.376,1615.567,245.0,0.694,0.133,0.133,0.131,0.127,0.129,-6.2,4.7,0.364,-0.395,-5.0,0.305,0.305,-4.7,0.291,0.305,-4.8,0.29,0.305,-5.0,0.289,0.305,-5.0,0.289,0.305,0
20100724_0535,6.23,123.56,556.4,TA.529A.,30.125,-102.22,123.038,1538.098,1552.519,1556.813,246.0,4.725,0.529,0.564,0.56,0.562,0.562,-0.3,-0.1,0.807,0.875,-0.7,0.728,0.728,-0.2,0.822,0.728,-0.5,0.802,0.728,-0.4,0.802,0.728,-0.4,0.801,0.728,1
20100724_0535,6.23,123.56,556.4,TA.W28A.,35.257,-102.206,120.24,1520.022,1532.632,1536.373,247.0,5.972,0.541,0.677,0.668,0.674,0.674,-0.5,-0.3,0.794,0.845,-0.2,0.629,0.629,-0.5,0.715,0.629,-0.6,0.702,0.629,-0.5,0.715,0.629,-0.5,0.712,0.629,1
20100724_0535,6.23,123.56,556.4,TA.X33A.,34.541,-98.501,123.122,1538.637,1553.115,1557.427,248.0,4.209,0.605,0.536,0.539,0.541,0.537,-0.3,-0.2,0.866,0.885,-0.6,0.828,0.828,-0.3,0.848,0.828,-0.4,0.848,0.828,-0.4,0.857,0.828,-0.4,0.856,0.828,1
20100724_0535,6.23,123.56,556.4,TA.732A.,28.729,-99.971,125.439,1553.414,1569.501,1574.312,249.0,3.323,0.618,0.59,0.573,0.572,0.573,0.1,0.4,0.859,0.85,-0.1,0.782,0.782,-0.4,0.791,0.782,-0.7,0.783,0.782,-0.6,0.777,0.782,-0.7,0.78,0.782,1
20100724_0535,6.23,123.56,556.4,TA.733A.,28.719,-99.294,125.942,1556.595,1573.045,1577.968,250.0,1.749,0.051,0.039,0.042,0.044,0.043,9.3,-2.8,0.748,-0.925,-9.1,0.294,0.294,7.0,0.332,0.294,6.9,0.333,0.294,6.9,0.333,0.294,6.9,0.333,0.294,0
20100724_0535,6.23,123.56,556.4,TA.633A.,29.459,-99.177,125.617,1554.542,1570.757,1575.607,251.0,3.053,0.466,0.515,0.514,0.511,0.512,0.5,0.4,0.869,0.943,0.3,0.675,0.675,0.1,0.76,0.675,-0.1,0.772,0.675,-0.1,0.77,0.675,-0.1,0.77,0.675,1
20100724_0535,6.23,123.56,556.4,TA.332A.,31.383,-99.742,124.132,1545.1,1560.267,1564.791,252.0,3.738,0.665,0.684,0.689,0.697,0.701,-0.1,0.2,0.725,0.725,-0.5,0.63,0.63,-0.6,0.754,0.63,-0.7,0.761,0.63,-0.6,0.765,0.63,-0.6,0.764,0.63,1
20100724_0535,6.23,123.56,556.4,XE.GS12.,-0.86,-91.019,145.086,1671.666,1705.03,1715.633,253.0,1.926,0.249,0.255,0.254,0.251,0.25,0.7,-3.5,0.442,-0.721,-7.3,0.632,0.632,-7.2,0.61,0.632,-8.3,0.628,0.632,-7.7,0.61,0.632,-7.3,0.612,0.632,0
20100724_0535,6.23,123.56,556.4,TA.Z34A.,33.371,-97.916,124.216,1545.638,1560.863,1565.406,254.0,4.972,0.733,0.673,0.67,0.672,0.668,0.0,0.3,0.776,0.824,-0.2,0.776,0.776,-0.3,0.797,0.776,-0.4,0.799,0.776,-0.4,0.804,0.776,-0.5,0.803,0.776,1
20100724_0535,6.23,123.56,556.4,GT.CPUP.00,-26.331,-57.331,159.881,1752.443,1802.707,1819.567,255.0,2.692,0.464,0.483,0.485,0.489,0.494,2.5,2.3,0.698,0.767,2.2,0.504,0.504,2.1,0.583,0.504,2.0,0.581,0.504,1.7,0.584,0.504,1.7,0.585,0.504,1
20100724_0535,6.23,123.56,556.4,TA.Z29A.,33.259,-101.706,121.704,1529.514,1543.055,1547.08,256.0,6.903,0.725,0.608,0.592,0.589,0.594,-0.6,-0.3,0.865,0.931,-0.4,0.814,0.814,-0.4,0.784,0.814,-0.9,0.743,0.814,-1.0,0.737,0.814,-0.9,0.743,0.814,1
20100724_0535,6.23,123.56,556.4,II.NNA.00,-11.988,-76.842,159.06,1748.142,1797.386,1813.859,257.0,4.515,0.44,0.414,0.461,0.446,0.414,2.8,2.6,0.867,0.853,2.6,0.677,0.677,2.4,0.761,0.677,1.5,0.716,0.677,1.7,0.716,0.677,2.4,0.762,0.677,1
20100724_0535,6.23,123.56,556.4,CX.PB01.,-21.043,-69.487,160.529,1755.819,1806.894,1824.062,258.0,2.91,0.59,0.552,0.561,0.573,0.573,1.4,1.6,0.913,0.928,1.4,0.915,0.915,1.2,0.803,0.915,1.0,0.823,0.915,0.7,0.845,0.915,0.9,0.827,0.915,1
20100724_0535,6.23,123.56,556.4,TA.X38A.,34.669,-94.829,125.388,1553.089,1569.139,1573.938,259.0,4.507,0.481,0.43,0.432,0.445,0.441,-0.1,0.0,0.825,0.787,-0.4,0.849,0.849,-0.5,0.855,0.849,-0.6,0.849,0.849,-0.6,0.846,0.849,-0.6,0.847,0.849,1
20100724_0535,6.23,123.56,556.4,NE.YLE.,41.317,-72.921,130.114,1582.684,1602.309,1608.235,260.0,1.428,0.149,0.15,0.15,0.149,0.147,8.6,-3.3,0.572,-0.774,-8.8,0.559,0.559,-8.6,0.566,0.559,-8.7,0.564,0.559,-8.9,0.552,0.559,-8.9,0.553,0.559,0
20100724_0535,6.23,123.56,556.4,TA.136A.,32.475,-96.53,125.685,1554.97,1571.234,1576.099,261.0,4.717,0.576,0.588,0.582,0.577,0.581,0.7,0.4,0.914,0.915,-0.1,0.759,0.759,-0.1,0.804,0.759,-0.2,0.803,0.759,-0.2,0.804,0.759,-0.2,0.805,0.759,1
20100724_0535,6.23,123.56,556.4,US.GLMI.,44.825,-84.618,123.026,1538.024,1552.437,1556.73,262.0,5.267,0.763,0.755,0.755,0.76,0.758,0.1,0.3,0.969,0.976,-0.4,0.838,0.838,0.2,0.834,0.838,0.1,0.824,0.838,0.0,0.816,0.838,-0.1,0.816,0.838,1
20100724_0535,6.23,123.56,556.4,TA.233A.,32.018,-98.9,124.353,1546.513,1561.834,1566.406,263.0,4.861,0.628,0.557,0.55,0.564,0.559,-0.4,0.1,0.599,0.692,-0.2,0.709,0.709,-0.6,0.674,0.709,-0.8,0.676,0.709,-0.6,0.687,0.709,-0.7,0.685,0.709,1
20100724_0535,6.23,123.56,556.4,XH.ESP12.01,-32.832,-66.08,151.926,1709.889,1750.683,1763.978,264.0,0.799,0.367,0.336,0.326,0.292,0.299,-0.6,-4.4,0.611,-0.463,-0.8,0.593,0.593,-1.1,0.467,0.593,-1.4,0.453,0.593,-2.3,0.474,0.593,-2.1,0.472,0.593,0
20100724_0535,6.23,123.56,556.4,TA.S35A.,37.682,-96.319,122.507,1534.692,1548.759,1552.945,265.0,5.008,0.637,0.626,0.627,0.628,0.627,-0.1,0.3,0.865,0.86,-0.1,0.755,0.755,0.4,0.832,0.755,0.3,0.829,0.755,0.2,0.817,0.755,0.3,0.821,0.755,1
20100724_0535,6.23,123.56,556.4,6D.TBHY.,12.599,-86.828,144.41,1667.808,1700.471,1710.829,266.0,2.622,0.252,0.122,0.126,0.129,0.126,0.9,2.4,0.798,0.89,2.1,0.548,0.548,1.8,0.542,0.548,1.6,0.538,0.548,1.5,0.54,0.548,1.5,0.539,0.548,0
20100724_0535,6.23,123.56,556.4,CN.GGN.,45.118,-66.842,127.811,1568.345,1586.185,1591.542,267.0,1.605,0.264,0.216,0.212,0.209,0.209,-3.3,-3.5,0.772,0.789,-4.0,0.762,0.762,-3.7,0.769,0.762,-3.9,0.77,0.762,-3.9,0.77,0.762,-4.0,0.77,0.762,0
20100724_0535,6.23,123.56,556.4,TA.735A.,28.855,-97.808,126.945,1562.916,1580.104,1585.257,268.0,5.196,0.543,0.591,0.593,0.593,0.595,0.3,0.4,0.93,0.934,-0.3,0.859,0.859,-0.2,0.893,0.859,-0.5,0.9,0.859,-0.5,0.909,0.859,-0.4,0.906,0.859,1
20100724_0535,6.23,123.56,556.4,LD.MVL.,39.999,-76.351,130.26,1583.584,1603.324,1609.288,269.0,0.809,0.201,0.211,0.21,0.197,0.203,-0.2,3.8,0.627,-0.487,-1.4,0.789,0.789,-1.0,0.805,0.789,-1.1,0.803,0.789,-1.4,0.797,0.789,-1.3,0.797,0.789,0
20100724_0535,6.23,123.56,556.4,TA.Z39A.,33.242,-94.182,126.725,1561.535,1578.56,1583.662,270.0,1.698,0.332,0.383,0.381,0.379,0.374,-0.5,-0.5,0.786,0.763,-1.2,0.662,0.662,-1.1,0.653,0.662,-1.2,0.647,0.662,-1.3,0.642,0.662,-1.3,0.643,0.662,0
20100724_0535,6.23,123.56,556.4,TA.834A.,28.125,-98.552,126.814,1562.094,1579.184,1584.306,271.0,2.008,0.484,0.474,0.459,0.456,0.459,0.0,0.6,0.652,0.54,-0.3,0.859,0.859,-0.3,0.882,0.859,-0.5,0.879,0.859,-0.5,0.874,0.859,-0.4,0.876,0.859,1
20100724_0535,6.23,123.56,556.4,US.JCT.,30.479,-99.802,124.598,1548.071,1563.562,1568.188,272.0,5.135,0.694,0.585,0.584,0.587,0.588,0.8,0.8,0.718,0.829,0.4,0.689,0.689,0.4,0.601,0.689,0.1,0.586,0.689,0.1,0.59,0.689,0.2,0.589,0.689,1
20100724_0535,6.23,123.56,556.4,TA.P34A.,39.547,-96.827,120.982,1524.843,1537.921,1541.804,273.0,3.965,0.595,0.636,0.638,0.639,0.637,0.1,0.3,0.765,0.832,-0.1,0.805,0.805,-0.1,0.685,0.805,-0.2,0.696,0.805,-0.3,0.708,0.805,-0.3,0.703,0.805,1
20100724_0535,6.23,123.56,556.4,TA.832A.,28.284,-99.974,125.677,1554.918,1571.176,1576.04,274.0,3.7,0.54,0.574,0.557,0.562,0.56,-0.8,-0.7,0.882,0.881,-1.2,0.741,0.741,-1.4,0.81,0.741,-1.6,0.788,0.741,-1.5,0.78,0.741,-1.6,0.785,0.741,1
20100724_0535,6.23,123.56,556.4,TA.Y32A.,34.004,-99.442,122.82,1536.703,1550.978,1555.227,275.0,3.88,0.593,0.59,0.59,0.601,0.597,0.1,0.4,0.909,0.892,-0.5,0.739,0.739,-0.1,0.852,0.739,-0.2,0.85,0.739,-0.1,0.85,0.739,-0.1,0.849,0.739,1
20100724_0535,6.23,123.56,556.4,LD.MMNY.,42.732,-77.907,127.294,1565.109,1582.558,1587.793,276.0,2.664,0.605,0.564,0.572,0.591,0.589,1.0,1.0,0.874,0.863,0.3,0.943,0.943,0.5,0.931,0.943,0.4,0.933,0.943,0.2,0.939,0.943,0.3,0.938,0.943,1
20100724_0535,6.23,123.56,556.4,US.MCWV.,39.658,-79.846,129.278,1577.498,1596.467,1602.182,277.0,2.754,0.61,0.594,0.597,0.599,0.602,1.1,1.2,0.859,0.877,0.3,0.872,0.872,0.5,0.88,0.872,0.4,0.881,0.872,0.1,0.884,0.872,0.2,0.883,0.872,1
20100724_0535,6.23,123.56,556.4,US.WMOK.HR,34.738,-98.781,122.819,1536.695,1550.969,1555.219,278.0,1.598,0.541,0.503,0.507,0.512,0.51,0.2,0.4,0.776,0.718,-0.1,0.684,0.684,0.0,0.753,0.684,-0.1,0.775,0.684,-0.1,0.796,0.684,-0.1,0.789,0.684,0
20100724_0535,6.23,123.56,556.4,TA.U34A.,36.437,-97.535,122.565,1535.065,1549.17,1553.368,279.0,3.973,0.465,0.48,0.484,0.487,0.487,0.1,-4.0,0.934,-0.359,-0.2,0.517,0.517,0.4,0.622,0.517,0.3,0.627,0.517,0.3,0.627,0.517,0.3,0.633,0.517,1
20100724_0535,6.23,123.56,556.4,CX.PB04.,-22.334,-70.149,159.158,1748.657,1798.023,1814.541,280.0,2.468,0.583,0.581,0.597,0.607,0.599,0.7,1.0,0.916,0.925,0.4,0.795,0.795,0.4,0.883,0.795,0.2,0.88,0.795,-0.1,0.871,0.795,0.1,0.872,0.795,1
20100724_0535,6.23,123.56,556.4,XH.ESP05.01,-31.011,-64.648,154.051,1721.449,1764.688,1778.896,281.0,1.884,0.259,0.325,0.331,0.314,0.313,-0.7,-0.8,0.606,0.592,-1.1,0.774,0.774,-1.8,0.743,0.774,-1.7,0.749,0.774,-2.0,0.757,0.774,-2.0,0.758,0.774,0
20100724_0535,6.23,123.56,556.4,TA.T31A.,37.098,-99.677,120.81,1523.724,1536.693,1540.543,282.0,6.473,0.64,0.63,0.624,0.635,0.631,-0.3,0.0,0.754,0.78,-0.2,0.82,0.82,-0.5,0.678,0.82,-0.7,0.703,0.82,-0.6,0.724,0.82,-0.7,0.716,0.82,1
20100724_0535,6.23,123.56,556.4,TA.Z30A.,33.286,-101.128,122.089,1531.999,1545.79,1549.892,283.0,8.081,0.724,0.694,0.701,0.705,0.702,-0.3,0.2,0.796,0.864,-0.1,0.743,0.743,0.0,0.833,0.743,-0.1,0.827,0.743,-0.1,0.821,0.743,-0.1,0.822,0.743,1
20100724_0535,6.23,123.56,556.4,TA.130A.,32.596,-100.965,122.591,1535.229,1549.352,1553.554,284.0,5.008,0.544,0.435,0.424,0.418,0.42,-0.8,-0.3,0.813,0.849,-0.6,0.649,0.649,-0.2,0.728,0.649,-0.3,0.727,0.649,-0.3,0.727,0.649,-0.4,0.726,0.649,1
20100724_0535,6.23,123.56,556.4,TA.128A.,32.621,-102.485,121.51,1528.259,1541.675,1545.661,285.0,4.362,0.65,0.487,0.455,0.463,0.472,-1.1,-0.8,0.899,0.917,-1.0,0.826,0.826,-1.5,0.617,0.826,-1.9,0.65,0.826,-1.8,0.663,0.826,-1.8,0.66,0.826,1
20100724_0535,6.23,123.56,556.4,YZ.GRZA.,9.915,-85.636,146.736,1681.019,1716.12,1727.339,286.0,0.348,-0.002,0.054,0.043,0.043,0.05,-0.1,3.9,0.902,1.0,3.2,0.155,0.155,-1.0,0.182,0.155,-0.7,0.215,0.155,-0.7,0.209,0.155,-0.8,0.2,0.155,0
20100724_0535,6.23,123.56,556.4,TA.V35A.,35.763,-96.838,123.428,1540.603,1555.288,1559.664,287.0,2.954,0.51,0.512,0.519,0.523,0.524,0.0,0.6,0.832,0.836,-0.4,0.728,0.728,0.2,0.818,0.728,0.1,0.821,0.728,0.1,0.821,0.728,0.1,0.822,0.728,1
20100724_0535,6.23,123.56,556.4,TA.Q37A.,38.876,-94.452,122.795,1536.54,1550.798,1555.042,288.0,4.895,0.421,0.513,0.527,0.541,0.538,0.5,0.8,0.851,0.804,6.0,0.489,0.489,0.4,0.629,0.489,0.4,0.632,0.489,0.4,0.633,0.489,0.3,0.629,0.489,1
20100724_0535,6.23,123.56,556.4,TA.833A.,28.324,-99.394,126.085,1557.5,1574.054,1579.009,289.0,4.164,0.587,0.606,0.583,0.58,0.581,-0.4,0.0,0.796,0.783,-0.6,0.892,0.892,-0.7,0.857,0.892,-1.0,0.855,0.892,-1.0,0.853,0.892,-1.0,0.852,0.892,1
20100724_0535,6.23,123.56,556.4,TA.738A.,28.84,-95.648,128.491,1572.595,1590.955,1596.477,290.0,2.839,0.395,0.413,0.384,0.381,0.377,5.7,-1.5,0.662,0.625,-2.1,0.862,0.862,-2.3,0.891,0.862,-2.6,0.893,0.862,-2.6,0.895,0.862,-2.6,0.893,0.862,1
20100724_0535,6.23,123.56,556.4,IU.TRIS.10,-37.068,-12.315,129.405,1578.284,1597.352,1603.099,291.0,1.493,0.062,0.183,0.172,0.168,0.179,1.0,3.9,0.527,-0.388,-0.4,0.736,0.736,-0.3,0.638,0.736,-1.0,0.641,0.736,-0.9,0.632,0.736,-0.4,0.628,0.736,0
20100724_0535,6.23,123.56,556.4,II.NNA.10,-11.988,-76.842,159.06,1748.142,1797.386,1813.859,292.0,4.276,0.448,0.431,0.476,0.462,0.431,2.8,2.6,0.869,0.85,2.6,0.726,0.726,2.4,0.776,0.726,1.4,0.743,0.726,1.6,0.74,0.726,2.4,0.776,0.726,1
20100724_0535,6.23,123.56,556.4,TA.331A.,31.309,-100.427,123.691,1542.281,1557.144,1561.575,293.0,4.381,0.609,0.494,0.493,0.501,0.497,-0.6,-0.4,0.67,0.658,5.0,0.447,0.447,-1.0,0.536,0.447,-1.0,0.539,0.447,-0.9,0.549,0.447,-1.0,0.545,0.447,1
20100724_0535,6.23,123.56,556.4,TA.131A.,32.674,-100.389,122.947,1537.519,1551.88,1556.155,294.0,11.486,0.656,0.684,0.675,0.688,0.683,-0.7,-0.4,0.953,0.963,-1.2,0.822,0.822,-0.7,0.895,0.822,-0.9,0.888,0.822,-0.7,0.889,0.822,-0.8,0.888,0.822,1
20100724_0535,6.23,123.56,556.4,TA.737A.,28.764,-96.44,127.976,1569.381,1587.346,1592.743,295.0,5.044,0.545,0.575,0.597,0.605,0.601,1.3,1.4,0.992,0.989,0.8,0.873,0.873,0.6,0.87,0.873,0.3,0.867,0.873,0.3,0.865,0.873,0.2,0.867,0.873,1
20100724_0535,6.23,123.56,556.4,TA.533A.,30.072,-99.035,125.375,1553.007,1569.048,1573.844,296.0,3.547,0.612,0.57,0.553,0.546,0.547,0.3,0.5,0.873,0.87,0.0,0.737,0.737,-0.2,0.697,0.737,-0.4,0.68,0.737,-0.4,0.678,0.737,-0.4,0.679,0.737,1
20100724_0535,6.23,123.56,556.4,TA.Z28A.,33.288,-102.387,121.215,1526.347,1539.573,1543.501,297.0,3.485,0.636,0.631,0.613,0.606,0.607,-0.8,-0.6,0.884,0.928,-0.6,0.692,0.692,-1.1,0.646,0.692,-1.3,0.641,0.692,-1.3,0.642,0.692,-1.3,0.639,0.692,1
20100724_0535,6.23,123.56,556.4,TA.U37A.,36.406,-95.116,124.07,1544.706,1559.83,1564.342,298.0,3.608,0.585,0.62,0.618,0.613,0.612,0.4,0.6,0.795,0.811,0.0,0.979,0.979,0.1,0.936,0.979,0.1,0.932,0.979,0.1,0.931,0.979,0.2,0.93,0.979,1
20100724_0535,6.23,123.56,556.4,CX.PB08.,-20.141,-69.153,161.404,1760.353,1812.532,1830.121,299.0,5.421,0.48,0.475,0.511,0.531,0.504,1.3,2.1,0.875,0.851,1.4,0.863,0.863,1.2,0.857,0.863,1.0,0.865,0.863,0.8,0.87,0.863,1.0,0.865,0.863,1
20100724_0535,6.23,123.56,556.4,NE.FFD.,43.47,-71.654,128.426,1572.191,1590.501,1596.006,300.0,1.365,0.085,0.107,0.105,0.095,0.095,0.0,4.2,0.38,-0.468,-0.8,0.387,0.387,-0.9,0.411,0.387,-1.0,0.411,0.387,-1.2,0.409,0.387,-1.2,0.408,0.387,0
20100724_0535,6.23,123.56,556.4,TA.S34A.,37.701,-97.111,122.019,1531.545,1545.291,1549.378,301.0,2.363,0.289,0.325,0.318,0.307,0.309,0.0,0.1,0.931,0.881,-0.4,0.777,0.777,-0.1,0.731,0.777,-0.3,0.713,0.777,-0.3,0.692,0.777,-0.2,0.703,0.777,1
20100724_0535,6.23,123.56,556.4,XY.U69B.,-34.371,-71.176,148.738,1692.258,1729.509,1741.503,302.0,0.348,0.048,0.025,0.026,0.027,0.026,-0.1,2.2,0.967,1.0,2.7,0.172,0.172,2.5,0.16,0.172,2.4,0.162,0.172,2.1,0.163,0.172,2.2,0.162,0.172,0
20100724_0535,6.23,123.56,556.4,TA.R34A.,38.301,-97.247,121.55,1528.514,1541.955,1545.949,303.0,4.404,0.602,0.539,0.535,0.54,0.543,0.3,0.3,0.865,0.902,0.0,0.859,0.859,0.0,0.745,0.859,-0.1,0.747,0.859,-0.1,0.741,0.859,-0.1,0.749,0.859,1
20100724_0535,6.23,123.56,556.4,TA.X32A.,34.421,-99.285,122.677,1535.779,1549.959,1554.179,304.0,2.83,0.595,0.58,0.579,0.579,0.582,0.1,0.3,0.916,0.909,-0.5,0.761,0.761,0.0,0.848,0.761,-0.2,0.839,0.761,-0.1,0.831,0.761,-0.1,0.837,0.761,1
20100724_0535,6.23,123.56,556.4,TA.835A.,28.287,-97.83,127.251,1564.841,1582.258,1587.482,305.0,1.204,0.328,0.363,0.374,0.379,0.376,1.0,1.3,0.788,0.812,0.8,0.833,0.833,0.7,0.789,0.833,0.6,0.785,0.833,0.5,0.783,0.833,0.6,0.783,0.833,0
20100724_0535,6.23,123.56,556.4,TA.V29A.,35.873,-101.521,120.344,1520.703,1533.379,1537.139,306.0,3.348,0.537,0.543,0.54,0.538,0.542,0.0,-4.0,0.715,-0.245,-0.2,0.557,0.557,-0.5,0.693,0.557,-0.5,0.692,0.557,-0.5,0.695,0.557,-0.4,0.701,0.557,1
20100724_0535,6.23,123.56,556.4,TA.X34A.,34.601,-97.833,123.521,1541.193,1555.94,1560.336,307.0,2.867,0.47,0.478,0.475,0.474,0.474,-1.5,4.0,0.502,-0.89,-0.4,0.791,0.791,-0.1,0.801,0.791,-0.1,0.787,0.791,-0.1,0.782,0.791,-0.1,0.783,0.791,1
20100724_0535,6.23,123.56,556.4,PR.AOPR.,18.347,-66.754,153.401,1717.926,1760.409,1774.333,308.0,1.408,0.394,0.404,0.41,0.424,0.426,2.4,2.5,0.742,0.783,1.8,0.649,0.649,1.9,0.677,0.649,1.9,0.679,0.649,1.5,0.694,0.649,1.5,0.691,0.649,0
20100724_0535,6.23,123.56,556.4,TA.329A.,31.487,-101.981,122.484,1534.542,1548.593,1552.774,309.0,8.862,0.542,0.635,0.615,0.609,0.609,-1.0,-1.0,0.94,0.914,-1.7,0.739,0.739,-1.3,0.68,0.739,-1.6,0.651,0.739,-1.7,0.641,0.739,-1.7,0.64,0.739,1
20100724_0535,6.23,123.56,556.4,NM.PVMO.,36.414,-89.7,127.195,1564.49,1581.864,1587.076,310.0,1.981,0.312,0.245,0.247,0.252,0.25,12.2,4.0,0.399,-0.783,-0.5,0.825,0.825,-0.2,0.868,0.825,-0.2,0.867,0.825,-0.4,0.864,0.825,-0.3,0.865,0.825,0
20100724_0535,6.23,123.56,556.4,TA.333A.,31.325,-98.984,124.696,1548.696,1564.257,1568.903,311.0,4.152,0.711,0.704,0.693,0.691,0.696,0.2,0.4,0.836,0.839,-0.1,0.766,0.766,-0.4,0.792,0.766,-0.6,0.797,0.766,-0.6,0.801,0.766,-0.6,0.799,0.766,1
20100724_0535,6.23,123.56,556.4,TA.435B.,30.783,-97.585,125.986,1556.876,1573.358,1578.291,312.0,3.542,0.614,0.604,0.591,0.587,0.588,-0.1,0.2,0.764,0.749,-0.4,0.874,0.874,-0.6,0.88,0.874,-0.7,0.872,0.874,-0.7,0.866,0.874,-0.7,0.867,0.874,1
20100724_0535,6.23,123.56,556.4,TA.R32A.,38.423,-98.711,120.588,1522.287,1535.116,1538.923,313.0,5.033,0.618,0.628,0.625,0.629,0.628,-0.2,0.0,0.783,0.95,-0.1,0.921,0.921,-0.1,0.913,0.921,-0.1,0.9,0.921,-0.1,0.906,0.921,-0.1,0.903,0.921,1
20100724_0535,6.23,123.56,556.4,TA.S33A.,37.594,-98.002,121.545,1528.487,1541.925,1545.918,314.0,5.251,0.681,0.652,0.659,0.664,0.663,0.3,0.5,0.942,0.962,0.3,0.895,0.895,0.3,0.803,0.895,0.0,0.794,0.895,0.0,0.788,0.895,0.0,0.789,0.895,1
20100724_0535,6.23,123.56,556.4,TA.635A.,29.388,-97.774,126.665,1561.156,1578.136,1583.224,315.0,5.389,0.617,0.646,0.628,0.62,0.623,-0.1,0.5,0.776,0.716,-0.8,0.772,0.772,-0.8,0.791,0.772,-1.0,0.787,0.772,-0.9,0.783,0.772,-0.8,0.785,0.772,1
20100724_0535,6.23,123.56,556.4,PM.ROSA.,38.721,-28.247,128.003,1569.546,1587.531,1592.935,316.0,1.771,0.068,0.221,0.22,0.215,0.218,5.1,2.2,0.49,-0.644,0.3,0.681,0.681,10.9,0.524,0.681,10.9,0.527,0.681,10.7,0.532,0.681,10.8,0.53,0.681,0
20100724_0535,6.23,123.56,556.4,XH.ESP03.01,-29.743,-64.014,155.428,1728.864,1773.718,1788.535,317.0,1.344,0.417,0.456,0.465,0.474,0.475,1.0,0.6,0.949,0.92,0.5,0.861,0.861,0.3,0.817,0.861,0.2,0.827,0.861,0.0,0.854,0.861,0.0,0.851,0.861,0
20100724_0535,6.23,123.56,556.4,PM.PMOZ.,32.823,-17.197,126.027,1557.129,1573.64,1578.583,318.0,0.69,0.149,-0.042,-0.064,-0.082,-0.072,-4.7,-4.6,0.399,0.572,1.2,0.712,0.712,2.4,0.477,0.712,2.5,0.42,0.712,-3.8,0.396,0.712,2.6,0.405,0.712,0
20100724_0535,6.23,123.56,556.4,TA.W32A.,35.124,-99.246,122.282,1533.242,1547.16,1551.3,319.0,4.523,0.636,0.591,0.602,0.613,0.609,0.4,0.8,0.852,0.893,0.1,0.775,0.775,0.5,0.857,0.775,0.3,0.846,0.775,0.4,0.836,0.775,0.4,0.838,0.775,1
20100724_0535,6.23,123.56,556.4,TA.P35A.,39.529,-96.019,121.46,1527.936,1541.32,1545.296,320.0,3.119,0.511,0.493,0.488,0.497,0.502,-0.1,0.1,0.75,0.647,-0.3,0.683,0.683,-0.1,0.65,0.683,5.3,0.636,0.683,5.3,0.653,0.683,5.3,0.643,0.683,1
20100724_0535,6.23,123.56,556.4,TA.429A.,30.625,-101.894,123.011,1537.926,1552.328,1556.617,321.0,3.995,0.435,0.518,0.511,0.514,0.513,-1.2,-1.0,0.627,0.622,4.3,0.636,0.636,-1.2,0.698,0.636,-1.4,0.669,0.636,-1.3,0.675,0.636,-1.3,0.674,0.636,1
20100724_0535,6.23,123.56,556.4,TA.U30A.,36.53,-100.651,120.528,1521.897,1534.688,1538.484,322.0,4.571,0.592,0.617,0.608,0.616,0.612,0.0,0.1,0.803,0.856,-0.3,0.705,0.705,-0.5,0.74,0.705,-0.6,0.754,0.705,-0.5,0.77,0.705,-0.5,0.764,0.705,1
20100724_0535,6.23,123.56,556.4,NM.UTMT.01,36.35,-88.864,127.699,1567.65,1585.404,1590.735,323.0,7.637,0.566,0.542,0.544,0.55,0.544,1.1,1.0,0.665,0.691,0.4,0.688,0.688,0.5,0.743,0.688,0.3,0.751,0.688,0.2,0.758,0.688,0.2,0.758,0.688,1
20100724_0535,6.23,123.56,556.4,TA.Q36A.,38.961,-95.461,122.161,1532.463,1546.302,1550.418,324.0,3.264,0.428,0.472,0.477,0.478,0.478,0.5,0.8,0.773,0.793,0.2,0.558,0.558,0.6,0.696,0.558,0.5,0.685,0.558,0.5,0.669,0.558,0.5,0.672,0.558,1
20100724_0535,6.23,123.56,556.4,TA.O35A.,40.266,-95.91,121.026,1525.124,1538.23,1542.121,325.0,2.177,0.439,0.492,0.495,0.494,0.495,0.5,-2.9,0.535,-0.346,0.2,0.638,0.638,0.0,0.472,0.638,-0.1,0.508,0.638,-0.1,0.529,0.638,-0.1,0.527,0.638,0
20100724_0535,6.23,123.56,556.4,YZ.ACHA.,9.828,-85.248,147.115,1683.155,1718.658,1730.021,326.0,4.051,0.7,0.508,0.486,0.492,0.497,0.2,4.2,0.844,-0.668,-0.4,0.859,0.859,-0.3,0.874,0.859,-0.9,0.829,0.859,-0.9,0.83,0.859,-0.8,0.844,0.859,1
20100724_0535,6.23,123.56,556.4,YZ.INDI.,9.865,-85.502,146.876,1681.808,1717.057,1728.328,327.0,7.109,0.639,0.477,0.483,0.486,0.482,1.0,0.8,0.886,0.862,0.2,0.922,0.922,0.3,0.951,0.922,-0.4,0.913,0.922,-0.4,0.915,0.922,-0.3,0.924,0.922,1
20100724_0535,6.23,123.56,556.4,CN.KGNO.,44.227,-76.493,126.403,1559.507,1576.294,1581.322,328.0,5.922,0.507,0.524,0.522,0.511,0.514,0.2,-4.0,0.927,-0.665,-0.5,0.726,0.726,-0.2,0.707,0.726,-0.3,0.709,0.726,-0.4,0.713,0.726,-0.3,0.713,0.726,1
20100724_0535,6.23,123.56,556.4,NE.TRY.,42.731,-73.666,128.595,1573.245,1591.685,1597.231,329.0,1.525,0.217,0.191,0.192,0.195,0.198,2.4,3.0,0.845,0.813,2.3,0.63,0.63,2.5,0.644,0.63,2.5,0.645,0.63,2.3,0.645,0.63,2.3,0.645,0.63,0
20100724_0535,6.23,123.56,556.4,XE.GS01.,-0.647,-90.878,145.189,1672.252,1705.723,1716.364,330.0,1.472,0.165,0.156,0.166,0.169,0.159,-3.3,2.3,0.289,0.509,2.0,0.575,0.575,2.1,0.552,0.575,1.2,0.581,0.575,1.5,0.575,0.575,1.9,0.556,0.575,0
20100724_0535,6.23,123.56,556.4,PR.CDVI.,17.752,-64.765,154.648,1724.67,1768.607,1783.078,331.0,1.852,0.096,0.128,0.125,0.117,0.119,-8.0,3.9,0.328,-0.826,-2.4,0.401,0.401,-2.5,0.374,0.401,-2.5,0.379,0.401,-2.8,0.395,0.401,-2.8,0.391,0.401,0
20100724_0535,6.23,123.56,556.4,C.CL2C.,-34.876,-70.387,148.601,1691.492,1728.595,1740.534,332.0,2.398,0.253,0.319,0.319,0.325,0.333,2.1,2.2,0.959,0.985,1.4,0.877,0.877,1.0,0.886,0.877,0.9,0.89,0.877,0.6,0.9,0.877,0.6,0.899,0.877,1
20100724_0535,6.23,123.56,556.4,CN.LMN.,45.854,-64.806,127.382,1565.663,1583.178,1588.433,333.0,1.585,0.103,0.111,0.117,0.132,0.134,2.0,5.2,0.589,-0.239,1.5,0.485,0.485,1.7,0.482,0.485,1.7,0.482,0.485,1.5,0.491,0.485,1.5,0.488,0.485,0
20100724_0535,6.23,123.56,556.4,TA.230A.,31.888,-101.112,122.883,1537.105,1551.422,1555.685,334.0,4.709,0.532,0.491,0.48,0.479,0.482,-3.5,-1.0,0.55,0.45,-1.8,0.408,0.408,-1.1,0.54,0.408,-1.3,0.541,0.408,-1.2,0.548,0.408,-1.2,0.548,0.408,1
20100724_0535,6.23,123.56,556.4,TA.228A.,32.118,-102.592,121.706,1529.528,1543.071,1547.096,335.0,6.34,0.659,0.576,0.546,0.547,0.554,-0.7,-0.4,0.883,0.886,-0.8,0.819,0.819,-1.2,0.623,0.819,-1.6,0.642,0.819,-1.6,0.65,0.819,-1.5,0.648,0.819,1
20100724_0535,6.23,123.56,556.4,LD.PRNY.,42.467,-76.536,127.981,1569.411,1587.38,1592.778,336.0,1.0,0.033,0.019,0.015,0.004,-0.002,9.3,1.9,0.646,-0.11,-2.6,0.708,0.708,-2.4,0.697,0.708,-2.4,0.698,0.708,-2.6,0.698,0.708,-2.6,0.697,0.708,0
20100724_0535,6.23,123.56,556.4,LD.ACCN.,43.384,-73.668,127.989,1569.463,1587.439,1592.839,337.0,0.859,0.315,0.298,0.299,0.301,0.297,0.4,-4.0,0.734,-0.693,-0.7,0.799,0.799,-0.3,0.782,0.799,-0.4,0.785,0.799,-0.6,0.794,0.799,-0.6,0.794,0.799,0
20100724_0535,6.23,123.56,556.4,XR.SC71.,31.646,-103.065,121.618,1528.957,1542.443,1546.45,338.0,6.152,0.657,0.538,0.513,0.516,0.523,-0.5,-0.3,0.875,0.862,-0.5,0.905,0.905,-1.0,0.728,0.905,-1.4,0.757,0.905,-1.3,0.771,0.905,-1.2,0.768,0.905,1
20100724_0535,6.23,123.56,556.4,NM.MPH.,35.123,-89.932,127.999,1569.524,1587.507,1592.91,339.0,3.293,0.518,0.587,0.591,0.589,0.589,1.3,4.7,0.644,-0.814,0.6,0.745,0.745,0.5,0.829,0.745,0.4,0.83,0.745,0.3,0.83,0.745,0.3,0.829,0.745,1
20100724_0535,6.23,123.56,556.4,TA.WHTX.,31.991,-97.456,125.357,1552.889,1568.917,1573.709,340.0,5.786,0.701,0.715,0.715,0.707,0.705,0.5,0.7,0.962,0.966,0.3,0.934,0.934,0.1,0.915,0.934,0.0,0.902,0.934,0.0,0.896,0.934,0.0,0.896,0.934,1
20100724_0535,6.23,123.56,556.4,XH.ESP01.01,-29.141,-64.064,155.984,1731.843,1777.358,1792.423,341.0,1.329,0.314,0.395,0.4,0.404,0.406,1.4,1.5,0.561,0.564,1.0,0.558,0.558,1.2,0.61,0.558,1.1,0.604,0.558,0.9,0.582,0.558,0.8,0.584,0.558,0
20100724_0535,6.23,123.56,556.4,XY.U14B.,-36.858,-73.08,145.811,1675.782,1709.904,1720.775,342.0,1.887,0.39,0.298,0.306,0.304,0.303,-0.2,4.0,0.9,-0.797,-0.4,0.759,0.759,-0.5,0.697,0.759,-0.7,0.71,0.759,-1.0,0.73,0.759,-1.0,0.724,0.759,0
20100724_0535,6.23,123.56,556.4,TA.Y36A.,33.9,-96.285,124.958,1550.363,1566.108,1570.812,343.0,3.725,0.454,0.429,0.435,0.426,0.43,2.2,2.1,0.889,0.948,2.4,0.753,0.753,2.2,0.75,0.753,2.0,0.739,0.753,2.1,0.738,0.753,2.0,0.739,0.753,1
20100724_0535,6.23,123.56,556.4,US.PKME.,45.264,-69.292,127.233,1564.728,1582.131,1587.352,344.0,0.347,-0.006,-0.001,-0.002,-0.006,-0.005,9.4,-4.1,0.61,-0.999,-8.9,0.47,0.47,-8.7,0.473,0.47,-8.7,0.473,0.47,-8.9,0.475,0.47,-8.9,0.474,0.47,0
20100724_0535,6.23,123.56,556.4,YZ.ARDO.,10.214,-85.596,146.63,1680.419,1715.406,1726.585,345.0,4.966,0.715,0.591,0.568,0.567,0.576,-0.1,-0.1,0.8,0.784,-0.6,0.813,0.813,-0.6,0.827,0.813,-1.4,0.768,0.813,-1.4,0.778,0.813,-1.2,0.789,0.813,1
20100724_0535,6.23,123.56,556.4,NA.SABA.,17.621,-63.243,155.221,1727.754,1772.364,1787.09,346.0,0.798,0.132,0.131,0.131,0.127,0.125,-3.0,-2.4,0.322,0.748,-4.4,0.345,0.345,-4.3,0.317,0.345,-4.4,0.321,0.345,-4.6,0.336,0.345,-4.6,0.336,0.345,0
20100724_0535,6.23,123.56,556.4,LD.CPNY.,40.791,-73.96,130.302,1583.844,1603.618,1609.592,347.0,1.959,0.505,0.518,0.516,0.505,0.502,-0.2,-0.1,0.833,0.815,-1.1,0.619,0.619,-1.0,0.606,0.619,-1.0,0.608,0.619,-1.2,0.613,0.619,-1.3,0.614,0.619,0
20100724_0535,6.23,123.56,556.4,YZ.SAJU.,10.067,-85.711,146.6,1680.25,1715.206,1726.373,348.0,5.05,0.62,0.6,0.605,0.602,0.602,0.9,1.1,0.872,0.864,0.2,0.758,0.758,0.1,0.893,0.758,-0.4,0.817,0.758,-0.4,0.806,0.758,-0.3,0.832,0.758,1
20100724_0535,6.23,123.56,556.4,US.COWI.,46.1,-89.137,120.125,1519.272,1531.811,1535.531,349.0,5.813,0.668,0.712,0.712,0.707,0.71,0.2,-3.3,0.557,-0.286,-0.2,0.685,0.685,-0.1,0.803,0.685,-0.1,0.796,0.685,-0.1,0.786,0.685,-0.1,0.781,0.685,1
20100724_0535,6.23,123.56,556.4,TA.532A.,30.128,-99.905,124.72,1548.848,1564.425,1569.077,350.0,4.367,0.68,0.602,0.584,0.582,0.581,0.0,0.0,0.822,0.818,-0.5,0.707,0.707,-0.8,0.694,0.707,-0.9,0.687,0.707,-0.9,0.689,0.707,-0.9,0.689,0.707,1
20100724_0535,6.23,123.56,556.4,Z9.W18.,32.272,-83.902,133.462,1603.219,1625.587,1632.418,351.0,2.169,0.616,0.571,0.575,0.575,0.573,1.3,4.7,0.744,-0.792,0.1,0.888,0.888,0.1,0.912,0.888,0.1,0.91,0.888,-0.1,0.916,0.888,-0.1,0.916,0.888,1
20100724_0535,6.23,123.56,556.4,LD.ALLY.,41.649,-80.145,127.447,1566.066,1583.63,1588.901,352.0,4.415,0.069,0.039,0.047,0.065,0.069,-0.1,2.2,0.495,0.697,1.8,0.496,0.496,2.1,0.489,0.496,2.0,0.492,0.496,1.9,0.496,0.496,1.8,0.497,0.496,0
20100724_0535,6.23,123.56,556.4,TA.V37A.,35.883,-95.141,124.4,1546.809,1562.162,1566.745,353.0,3.318,0.493,0.6,0.597,0.596,0.595,0.1,0.2,0.751,0.751,-0.3,0.583,0.583,-0.4,0.706,0.583,-0.5,0.707,0.583,-0.4,0.706,0.583,-0.5,0.705,0.583,1
20100724_0535,6.23,123.56,556.4,TA.232A.,31.888,-99.647,123.911,1543.689,1558.703,1563.181,354.0,6.324,0.57,0.609,0.61,0.611,0.611,0.7,0.2,0.454,0.602,0.2,0.506,0.506,0.4,0.422,0.506,0.3,0.416,0.506,0.2,0.414,0.506,0.3,0.412,0.506,0
20100724_0535,6.23,123.56,556.4,PE.WRPS.,40.794,-77.865,129.027,1575.933,1594.706,1600.359,355.0,3.359,0.679,0.659,0.657,0.652,0.657,0.1,0.4,0.821,0.816,-0.5,0.713,0.713,-0.3,0.724,0.713,-0.4,0.723,0.713,-0.5,0.716,0.713,-0.5,0.717,0.713,1
20100724_0535,6.23,123.56,556.4,YM.V03.,-39.411,-71.968,143.99,1665.399,1697.631,1707.837,356.0,1.532,0.413,0.383,0.387,0.393,0.397,1.0,4.6,0.752,-0.881,0.8,0.729,0.729,0.7,0.67,0.729,0.5,0.688,0.729,0.2,0.704,0.729,0.2,0.698,0.729,0
20100724_0535,6.23,123.56,556.4,PR.STVI.,18.352,-64.956,154.022,1721.289,1764.494,1778.689,357.0,0.59,0.156,0.187,0.186,0.192,0.196,0.9,0.8,0.685,0.71,0.5,0.798,0.798,0.7,0.912,0.798,0.6,0.909,0.798,0.2,0.88,0.798,0.2,0.887,0.798,0
20100724_0535,6.23,123.56,556.4,CN.DRLN.,49.256,-57.503,124.506,1547.485,1562.912,1567.517,358.0,1.172,0.178,0.173,0.176,0.183,0.185,5.1,4.9,0.615,0.797,4.5,0.629,0.629,4.8,0.638,0.629,4.8,0.638,0.629,4.7,0.635,0.629,4.8,0.639,0.629,0
20100724_0535,6.23,123.56,556.4,TA.TIGA.,31.439,-83.59,134.275,1608.151,1631.214,1638.28,359.0,5.569,0.549,0.54,0.549,0.564,0.562,2.0,2.3,0.868,0.852,0.9,0.775,0.775,0.9,0.788,0.775,0.7,0.79,0.775,0.5,0.805,0.775,0.5,0.805,0.775,1
20100724_0535,6.23,123.56,556.4,TA.S31A.,37.619,-99.484,120.611,1522.437,1535.281,1539.092,360.0,3.833,0.698,0.626,0.62,0.629,0.625,-0.6,-0.4,0.774,0.944,-0.3,0.854,0.854,-0.6,0.775,0.854,-0.8,0.77,0.854,-0.7,0.785,0.854,-0.7,0.779,0.854,1
20100724_0535,6.23,123.56,556.4,TA.330A.,31.406,-101.175,123.104,1538.525,1552.991,1557.299,361.0,4.089,0.366,0.511,0.501,0.499,0.502,-1.7,4.5,0.605,0.543,4.1,0.601,0.601,4.6,0.579,0.601,4.3,0.591,0.601,4.4,0.592,0.601,4.4,0.588,0.601,1
20100724_0535,6.23,123.56,556.4,XH.ESP04.01,-30.772,-64.409,154.344,1723.03,1766.611,1780.948,362.0,3.298,0.527,0.52,0.533,0.561,0.557,1.6,1.7,0.879,0.829,0.6,0.896,0.896,1.0,0.831,0.896,0.8,0.829,0.896,0.4,0.83,0.896,0.4,0.83,0.896,1
20100724_0535,6.23,123.56,556.4,TA.W29A.,35.121,-101.648,120.693,1522.965,1535.859,1539.687,363.0,6.951,0.645,0.598,0.596,0.596,0.6,0.0,0.3,0.901,0.918,-0.1,0.609,0.609,-0.6,0.637,0.609,-0.6,0.658,0.609,-0.6,0.662,0.609,-0.5,0.663,0.609,1
20100724_0535,6.23,123.56,556.4,TA.736A.,28.955,-97.067,127.418,1565.889,1583.431,1588.695,364.0,3.379,0.693,0.596,0.606,0.607,0.608,0.8,0.8,0.954,0.957,0.3,0.931,0.931,0.2,0.922,0.931,0.0,0.913,0.931,0.0,0.906,0.931,0.0,0.908,0.931,1
20100724_0535,6.23,123.56,556.4,US.WMOK.,34.738,-98.781,122.819,1536.695,1550.969,1555.219,365.0,3.941,0.589,0.544,0.542,0.541,0.542,-0.1,0.2,0.831,0.8,-0.4,0.917,0.917,0.0,0.921,0.917,-0.1,0.916,0.917,-0.1,0.908,0.917,-0.1,0.91,0.917,1
20100724_0535,6.23,123.56,556.4,AI.ORCD.,-60.738,-44.736,124.784,1549.254,1564.876,1569.542,366.0,2.588,0.214,0.224,0.235,0.25,0.248,-4.6,-4.3,0.525,0.497,-4.7,0.539,0.539,-4.7,0.533,0.539,-4.8,0.537,0.539,-4.9,0.545,0.539,-4.8,0.543,0.539,0
20100724_0535,6.23,123.56,556.4,TA.V36A.,35.786,-95.942,123.971,1544.07,1559.126,1563.616,367.0,8.085,0.546,0.541,0.539,0.539,0.538,0.4,0.5,0.725,0.783,-0.1,0.817,0.817,0.0,0.88,0.817,-0.1,0.877,0.817,0.0,0.883,0.817,0.0,0.881,0.817,1
20100724_0535,6.23,123.56,556.4,US.ACSO.,40.232,-82.982,127.506,1566.441,1584.049,1589.334,368.0,2.271,0.593,0.569,0.577,0.575,0.577,0.4,0.6,0.754,0.725,-0.4,0.655,0.655,0.1,0.663,0.655,0.1,0.661,0.655,-0.2,0.645,0.655,-0.2,0.647,0.655,1
20100724_0535,6.23,123.56,556.4,II.RPN.00,-27.127,-109.334,125.678,1554.927,1571.187,1576.05,369.0,1.153,0.114,0.106,0.084,0.098,0.106,-7.0,-4.2,0.653,-0.529,-8.0,0.535,0.535,-8.3,0.518,0.535,-8.7,0.512,0.535,-8.4,0.523,0.535,-8.3,0.518,0.535,0
20100724_0535,6.23,123.56,556.4,TA.L35A.,42.112,-95.545,119.966,1518.24,1530.68,1534.37,370.0,2.444,0.476,0.455,0.453,0.45,0.453,1.0,0.9,0.885,0.883,1.3,0.546,0.546,0.9,0.721,0.546,0.9,0.705,0.546,1.0,0.699,0.546,0.9,0.699,0.546,1
20100724_0535,6.23,123.56,556.4,IU.WCI.00,38.229,-86.294,127.599,1567.017,1584.696,1590.002,371.0,0.358,0.027,0.033,0.034,0.037,0.036,10.0,-4.1,0.639,-0.994,-8.9,0.447,0.447,-8.6,0.441,0.447,-8.7,0.44,0.447,-8.8,0.436,0.447,-8.9,0.437,0.447,0
20100724_0535,6.23,123.56,556.4,TA.Y28A.,33.909,-102.248,120.968,1524.75,1537.819,1541.699,372.0,4.677,0.59,0.475,0.483,0.498,0.501,-1.2,-1.1,0.688,0.73,4.3,0.528,0.528,4.0,0.608,0.528,4.0,0.593,0.528,4.0,0.589,0.528,4.1,0.581,0.528,1
20100724_0535,6.23,123.56,556.4,DR.SDD.,18.463,-69.917,151.957,1710.056,1750.885,1764.192,373.0,1.233,0.262,0.249,0.256,0.266,0.267,0.1,0.7,0.58,0.491,0.1,0.737,0.737,0.4,0.704,0.737,0.2,0.72,0.737,-0.3,0.758,0.737,-0.4,0.754,0.737,0
20100724_0535,6.23,123.56,556.4,TA.336A.,31.387,-96.844,126.136,1557.819,1574.41,1579.377,374.0,3.013,0.618,0.618,0.609,0.607,0.605,0.2,0.4,0.903,0.91,-0.3,0.87,0.87,-0.3,0.878,0.87,-0.5,0.873,0.87,-0.5,0.87,0.87,-0.5,0.87,0.87,1
20100724_0535,6.23,123.56,556.4,XY.U73B.,-33.916,-71.42,149.034,1693.908,1731.481,1743.592,375.0,3.099,0.353,0.433,0.431,0.434,0.441,1.2,2.3,0.781,0.702,0.7,0.61,0.61,0.4,0.592,0.61,0.4,0.597,0.61,0.1,0.6,0.61,0.0,0.6,0.61,1
20100724_0535,6.23,123.56,556.4,TA.U35A.,36.371,-96.732,123.106,1538.537,1553.004,1557.313,376.0,3.27,0.513,0.51,0.515,0.522,0.52,0.3,0.8,0.928,0.886,-0.1,0.65,0.65,0.5,0.748,0.65,0.4,0.753,0.65,0.3,0.759,0.65,0.4,0.76,0.65,1
20100724_0535,6.23,123.56,556.4,YZ.CABA.,10.236,-85.343,146.838,1681.594,1716.803,1728.06,377.0,2.115,0.448,0.578,0.579,0.581,0.571,-0.3,0.4,0.708,0.652,-0.5,0.685,0.685,-0.2,0.858,0.685,-0.8,0.767,0.685,-0.9,0.765,0.685,-0.8,0.786,0.685,1
20100724_0535,6.23,123.56,556.4,TA.436A.,30.77,-96.796,126.539,1560.364,1577.251,1582.311,378.0,6.453,0.569,0.563,0.559,0.558,0.552,0.3,0.6,0.911,0.907,-0.2,0.851,0.851,-0.2,0.861,0.851,-0.4,0.865,0.851,-0.4,0.868,0.851,-0.4,0.867,0.851,1
20100724_0535,6.23,123.56,556.4,IU.MACI.,28.25,-16.508,128.325,1571.558,1589.791,1595.272,379.0,0.645,0.262,0.303,0.311,0.312,0.315,-8.1,2.4,0.583,0.458,-8.1,0.354,0.354,-10.9,0.583,0.354,-10.7,0.615,0.354,-10.7,0.614,0.354,-10.6,0.615,0.354,0
20100724_0535,6.23,123.56,556.4,US.BRAL.,31.169,-87.051,132.524,1597.502,1619.083,1625.651,380.0,1.406,0.539,0.511,0.503,0.479,0.487,0.5,3.8,0.83,-0.852,-0.4,0.805,0.805,-0.4,0.79,0.805,-0.5,0.778,0.805,-0.8,0.777,0.805,-0.7,0.776,0.805,0
20100724_0535,6.23,123.56,556.4,PE.PAGS.,40.228,-76.722,129.928,1581.533,1601.011,1606.89,381.0,1.449,0.511,0.481,0.481,0.482,0.488,0.3,0.2,0.871,0.835,-0.5,0.792,0.792,-0.4,0.797,0.792,-0.4,0.794,0.792,-0.6,0.783,0.792,-0.6,0.785,0.792,0
